,z,qc,fs,Rf,u2,incl_x,incl_y,incl,pen,time
0,2.86,0.325,0.015,4.615384615384615,7.398764286197e-312,7.398766937e-312,7.399438971176e-312,0.0,0.0,0.0
1,2.7849999999999997,0.525,0.016,3.0476190476190474,7.39943940279e-312,7.39943940279e-312,7.39943940279e-312,0.0,0.075,0.0
2,2.735,0.5,0.015,3.0,0.03,4.243993011e-314,4.9654701517135e-311,0.0,0.125,0.0
3,2.685,0.45,0.001,0.2222222222222222,0.0022222222222222222,4.243993012e-314,2.9877700736818e-310,0.0,0.175,0.0
4,2.635,0.475,0.001,0.21052631578947367,0.002105263157894737,4.2439930127e-314,4.965470151713e-311,0.0,0.225,0.0
5,2.585,0.55,0.0,0.0,0.0,4.2439930137e-314,3.0420931659306e-310,,0.275,0.0
6,2.5349999999999997,0.775,0.001,0.12903225806451613,0.0012903225806451613,4.2439930147e-314,4.9654701517125e-311,0.0,0.325,0.0
7,2.485,1.4,0.003,0.2142857142857143,0.002142857142857143,4.2439930157e-314,2.9877700736818e-310,0.0,0.375,0.0
8,2.435,1.925,0.006,0.3116883116883117,0.003116883116883117,4.2439930167e-314,4.965470151712e-311,0.0,0.425,0.0
9,2.385,1.975,0.009,0.4556962025316455,0.004556962025316455,4.2439930177e-314,2.9877700736818e-310,0.0,0.475,0.0
10,2.335,1.725,0.012,0.6956521739130435,0.006956521739130434,4.2439930187e-314,4.9654701517115e-311,0.0,0.525,0.0
11,2.285,2.0,0.009,0.44999999999999996,0.0045,4.2439930197e-314,7.1447598281835e-311,0.0,0.575,0.0
12,2.235,1.875,0.011,0.5866666666666667,0.005866666666666667,4.2439930206e-314,4.9675921475025e-311,0.0,0.625,0.0
13,2.1849999999999996,1.45,0.011,0.7586206896551724,0.007586206896551724,4.2439930216e-314,2.57695168855104e-310,0.0,0.675,0.0
14,2.135,0.9,0.011,1.222222222222222,0.012222222222222221,4.2439930226e-314,4.967592147502e-311,0.0,0.725,0.0
15,2.085,0.625,0.008,1.28,0.0128,4.2439930236e-314,3.856939549662e-310,0.0,0.775,0.0
16,2.035,0.425,0.005,1.1764705882352942,0.011764705882352941,4.2439930246e-314,4.9675921475015e-311,0.0,0.825,0.0
17,1.9849999999999999,0.3,0.002,0.6666666666666667,0.006666666666666667,4.2439930256e-314,3.856939549662e-310,0.0,0.875,0.0
18,1.9349999999999998,0.2,0.001,0.5,0.005,4.2439930266e-314,4.967592147501e-311,0.0,0.925,0.0
19,1.8849999999999998,0.25,0.0,0.0,0.0,4.2439930276e-314,3.73747118662995e-310,0.0,0.975,0.0
20,1.835,0.3,0.0,0.0,0.0,4.2439930286e-314,4.969714143292e-311,0.0,1.025,0.0
21,1.785,0.375,0.0,0.0,0.0,4.2439930295e-314,1.574520876903e-311,0.0,1.075,0.0
22,1.7349999999999999,0.5,0.0,0.0,0.0,4.2439930305e-314,4.9697141432914e-311,0.0,1.125,0.0
23,1.6849999999999998,0.825,0.001,0.12121212121212122,0.0012121212121212121,4.2439930315e-314,3.856939549662e-310,0.0,1.175,0.0
24,1.6349999999999998,1.575,0.008,0.5079365079365079,0.005079365079365079,4.2439930325e-314,4.969714143291e-311,0.0,1.225,0.0
25,1.585,1.975,0.012,0.6075949367088608,0.0060759493670886075,4.2439930335e-314,3.91126264191075e-310,0.0,1.275,0.0
26,1.535,1.25,0.015,1.2,0.012,4.2439930345e-314,4.9697141432905e-311,0.0,1.325,0.0
27,1.4849999999999999,0.7,0.02,2.857142857142857,0.028571428571428574,4.2439930355e-314,5.42212364507936e-310,0.0,1.375,0.0
28,1.4349999999999998,0.451,0.022,4.878048780487805,0.048780487804878044,4.2439930365e-314,4.9718361390814e-311,0.0,1.425,0.0
29,1.3849999999999998,0.401,0.017,4.239401496259352,0.04239401496259352,4.2439930374e-314,2.54639494926e-313,0.0,1.475,0.0
30,1.335,0.326,0.019,5.828220858895705,0.05828220858895705,4.2439930384e-314,4.971836139081e-311,0.0,1.525,0.0
31,1.285,0.201,0.009,4.477611940298507,0.04477611940298507,4.2439930394e-314,5.5952785016223e-310,0.0,1.575,0.0
32,1.2349999999999999,0.176,0.005,2.8409090909090913,0.02840909090909091,4.2439930404e-314,4.9718361390804e-311,0.0,1.625,0.0
33,1.1849999999999998,0.126,0.003,2.380952380952381,0.023809523809523808,4.2439930414e-314,5.6496015938711e-310,0.0,1.675,0.0
34,1.1349999999999998,0.151,0.002,1.3245033112582782,0.013245033112582781,4.2439930424e-314,4.97183613908e-311,0.0,1.725,0.0
35,1.085,0.201,0.003,1.4925373134328357,0.014925373134328358,4.2439930434e-314,3.9594319463644e-310,0.0,1.775,0.0
36,1.035,8.788,0.011,0.1251706873008648,0.001251706873008648,4.2439930444e-314,4.973958134871e-311,0.0,1.825,0.0
37,0.9849999999999999,17.376,0.019,0.10934622467771637,0.0010934622467771637,4.2439930454e-314,1.7493733300748e-310,0.0,1.875,0.0
38,0.9349999999999998,12.151,0.23,1.8928483252407209,0.01892848325240721,4.2439930463e-314,4.9739581348704e-311,0.0,1.925,0.0
39,0.8849999999999998,7.376,0.356,4.82646420824295,0.0482646420824295,4.2439930473e-314,6.8447096233438e-310,0.0,1.975,0.0
40,0.835,5.901,0.271,4.592441958990002,0.04592441958990002,4.2439930483e-314,4.97395813487e-311,0.0,2.025,0.0
41,0.7849999999999997,5.276,0.081,1.5352539802880971,0.015352539802880972,4.2439930493e-314,5.44673879625307e-310,0.0,2.075,0.0
42,0.7349999999999999,4.751,0.062,1.3049884234897915,0.013049884234897915,4.2439930503e-314,4.976080130661e-311,0.0,2.125,0.0
43,0.685,4.151,0.056,1.349072512647555,0.013490725126475549,4.2439930513e-314,1.40306361698905e-310,0.0,2.175,0.0
44,0.6349999999999998,3.651,0.047,1.2873185428649685,0.012873185428649686,4.2439930523e-314,4.9760801306604e-311,0.0,2.225,0.0
45,0.585,3.301,0.041,1.2420478642835504,0.012420478642835504,4.2439930533e-314,6.91325008739233e-310,0.0,2.275,0.0
46,0.5349999999999997,3.026,0.036,1.1896893588896233,0.011896893588896233,4.243993054e-314,4.97608013066e-311,0.0,2.325,0.0
47,0.4849999999999999,3.001,0.034,1.1329556814395203,0.011329556814395203,4.243993055e-314,5.79814129923677e-310,0.0,2.375,0.0
48,0.43500000000000005,3.351,0.033,0.9847806624888094,0.009847806624888093,4.243993056e-314,4.978202126451e-311,0.0,2.425,0.0
49,0.3849999999999998,3.976,0.03,0.7545271629778671,0.007545271629778672,4.243993057e-314,3.55391855071388e-310,0.0,2.475,0.0
50,0.33499999999999996,3.551,0.024,0.6758659532526049,0.006758659532526049,4.243993058e-314,4.9782021264504e-311,0.0,2.525,0.0
51,0.2849999999999997,3.076,0.021,0.6827048114434331,0.0068270481144343306,4.243993059e-314,9.19885175384187e-310,0.0,2.575,0.0
52,0.23499999999999988,1.951,0.025,1.2813941568426448,0.012813941568426449,4.24399306e-314,4.9803241222413e-311,0.0,2.625,0.0
53,0.18500000000000005,1.101,0.033,2.9972752043596733,0.029972752043596732,4.243993061e-314,1.5405689442517e-311,0.0,2.675,0.0
54,0.1349999999999998,0.726,0.037,5.096418732782369,0.05096418732782369,4.243993062e-314,4.980324122241e-311,0.0,2.725,0.0
55,0.08499999999999996,0.601,0.031,5.158069883527454,0.051580698835274545,4.243993063e-314,,0.0,2.775,0.0
56,0.0349999999999997,0.702,0.023,3.276353276353276,0.03276353276353276,4.243993064e-314,4.97820212645e-311,0.0,2.825,0.0
57,-0.015000000000000124,0.552,0.014,2.5362318840579707,0.02536231884057971,4.243993065e-314,,0.0,2.875,0.0
58,-0.06499999999999995,0.552,0.011,1.9927536231884055,0.019927536231884056,4.243993066e-314,4.9782021264504e-311,0.0,2.925,0.0
59,-0.11500000000000021,0.527,0.011,2.087286527514231,0.020872865275142313,4.243993067e-314,,0.0,2.975,0.0
60,-0.16500000000000004,0.552,0.011,1.9927536231884055,0.019927536231884056,4.243993068e-314,4.9760801306594e-311,0.0,3.025,0.0
61,-0.2150000000000003,0.577,0.011,1.9064124783362217,0.019064124783362217,4.243993069e-314,,0.0,3.075,0.0
62,-0.2650000000000001,0.552,0.012,2.1739130434782608,0.021739130434782608,4.24399307e-314,4.9739581348684e-311,0.0,3.125,0.0
63,-0.31499999999999995,0.627,0.01,1.5948963317384368,0.01594896331738437,4.243993071e-314,,0.0,3.175,0.0
64,-0.3650000000000002,0.602,0.014,2.3255813953488373,0.023255813953488372,4.243993072e-314,4.9718361390775e-311,0.0,3.225,0.0
65,-0.41500000000000004,0.577,0.012,2.079722703639515,0.02079722703639515,4.243993073e-314,,0.0,3.275,0.0
66,-0.4650000000000003,0.777,0.014,1.8018018018018018,0.018018018018018018,4.243993074e-314,4.971836139078e-311,0.0,3.325,0.0
67,-0.5150000000000001,0.727,0.019,2.613480055020633,0.026134800550206328,4.243993075e-314,2.51944560261697e-310,0.0,3.375,0.0
68,-0.565,0.702,0.023,3.276353276353276,0.03276353276353276,4.243993076e-314,4.973958134869e-311,0.0,3.425,0.0
69,-0.6150000000000002,0.677,0.024,3.5450516986706053,0.03545051698670605,4.243993077e-314,1.325483450869813e-309,0.0,3.475,0.0
70,-0.665,0.602,0.021,3.4883720930232567,0.034883720930232565,4.243993078e-314,4.97608013066e-311,0.0,3.525,0.0
71,-0.7150000000000003,0.602,0.019,3.1561461794019934,0.03156146179401993,4.243993079e-314,5.941588214703e-312,0.0,3.575,0.0
72,-0.7650000000000001,0.602,0.014,2.3255813953488373,0.023255813953488372,4.24399308e-314,4.973958134869e-311,0.0,3.625,0.0
73,-0.815,0.752,0.013,1.7287234042553192,0.017287234042553192,4.243993081e-314,,0.0,3.675,0.0
74,-0.8650000000000002,0.802,0.017,2.119700748129676,0.02119700748129676,4.243993082e-314,4.9739581348684e-311,0.0,3.725,0.0
75,-0.915,0.827,0.022,2.6602176541717046,0.026602176541717048,4.243993083e-314,,0.0,3.775,0.0
76,-0.9650000000000003,2.002,0.032,1.5984015984015987,0.015984015984015987,4.243993084e-314,4.9718361390775e-311,0.0,3.825,0.0
77,-1.0140000000000002,2.202,0.055,2.4977293369663944,0.024977293369663943,4.243993085e-314,,0.0,3.874,0.0
78,-1.064,2.102,0.065,3.092293054234063,0.030922930542340632,4.243993086e-314,4.971836139077e-311,0.0,3.924,0.0
79,-1.1140000000000003,1.202,0.055,4.575707154742097,0.045757071547420966,4.243993087e-314,,0.0,3.974,0.0
80,-1.1640000000000001,0.627,0.059,9.409888357256778,0.09409888357256778,4.243993088e-314,4.9718361390775e-311,0.0,4.024,0.0
81,-1.214,0.677,0.042,6.20384047267356,0.0620384047267356,4.243993089e-314,3.9655857341595e-310,0.0,4.074,0.0
82,-1.2639999999999998,0.652,0.022,3.374233128834356,0.03374233128834356,4.24399309e-314,4.971836139078e-311,0.0,4.124,0.0
83,-1.3140000000000005,0.602,0.02,3.322259136212625,0.03322259136212625,4.243993091e-314,4.01990882640827e-310,0.0,4.174,0.0
84,-1.3640000000000003,0.677,0.022,3.2496307237813884,0.03249630723781388,4.243993092e-314,4.9718361390785e-311,0.0,4.224,0.0
85,-1.4140000000000001,0.628,0.021,3.343949044585987,0.03343949044585987,4.243993093e-314,8.986652174755e-311,0.0,4.274,0.0
86,-1.464,0.628,0.017,2.7070063694267517,0.027070063694267517,4.243993094e-314,4.9739581348694e-311,0.0,4.324,0.0
87,-1.5139999999999998,0.628,0.014,2.2292993630573252,0.02229299363057325,4.243993095e-314,3.03997117013873e-310,0.0,4.374,0.0
88,-1.5640000000000005,0.728,0.012,1.6483516483516485,0.016483516483516484,4.2439930957e-314,4.97395813487e-311,0.0,4.424,0.0
89,-1.6140000000000003,0.678,0.017,2.5073746312684366,0.025073746312684365,4.2439930967e-314,4.01990882640827e-310,0.0,4.474,0.0
90,-1.6640000000000001,0.628,0.016,2.547770700636943,0.025477707006369428,4.2439930977e-314,4.9739581348704e-311,0.0,4.524,0.0
91,-1.714,0.703,0.014,1.9914651493598865,0.019914651493598865,4.2439930987e-314,3.9655857341595e-310,0.0,4.574,0.0
92,-1.7639999999999998,0.678,0.012,1.7699115044247788,0.017699115044247787,4.2439930997e-314,4.973958134871e-311,0.0,4.624,0.0
93,-1.8140000000000005,0.703,0.009,1.2802275960170697,0.012802275960170697,4.2439931007e-314,3.5199666180565e-310,0.0,4.674,0.0
94,-1.8640000000000003,0.703,0.01,1.4224751066856332,0.014224751066856332,4.2439931017e-314,4.9739581348714e-311,0.0,4.724,0.0
95,-1.9140000000000001,0.653,0.011,1.684532924961715,0.01684532924961715,4.2439931027e-314,1.35807730624e-312,0.0,4.774,0.0
96,-1.964,0.628,0.011,1.7515923566878981,0.01751592356687898,4.2439931037e-314,4.9760801306624e-311,0.0,4.824,0.0
97,-2.014,0.628,0.008,1.2738853503184715,0.012738853503184714,4.2439931046e-314,3.4630971308583e-310,0.0,4.874,0.0
98,-2.0640000000000005,0.653,0.008,1.2251148545176112,0.01225114854517611,4.2439931056e-314,4.976080130663e-311,0.0,4.924,0.0
99,-2.1140000000000003,0.678,0.009,1.327433628318584,0.013274336283185839,4.2439931066e-314,3.47667790392066e-310,0.0,4.974,0.0
100,-2.164,0.703,0.01,1.4224751066856332,0.014224751066856332,4.2439931076e-314,4.9760801306634e-311,0.0,5.024,0.0
101,-2.214,0.653,0.012,1.8376722817764164,0.018376722817764164,4.2439931086e-314,3.47667790392066e-310,0.0,5.074,0.0
102,-2.264,0.628,0.012,1.910828025477707,0.01910828025477707,4.2439931096e-314,4.976080130664e-311,0.0,5.124,0.0
103,-2.3140000000000005,0.628,0.01,1.5923566878980893,0.01592356687898089,4.2439931106e-314,3.47667790392066e-310,0.0,5.174,0.0
104,-2.3640000000000003,0.653,0.009,1.3782542113323122,0.013782542113323122,4.2439931116e-314,4.9760801306643e-311,0.0,5.224,0.0
105,-2.414,0.678,0.009,1.327433628318584,0.013274336283185839,4.2439931125e-314,1.35807730624e-312,0.0,5.274,0.0
106,-2.464,0.703,0.011,1.5647226173541962,0.015647226173541962,4.2439931135e-314,4.9782021264553e-311,0.0,5.324,0.0
107,-2.514,0.628,0.011,1.7515923566878981,0.01751592356687898,4.2439931145e-314,3.405378845344e-310,0.0,5.374,0.0
108,-2.5640000000000005,0.603,0.009,1.4925373134328357,0.014925373134328358,4.2439931155e-314,4.978202126456e-311,0.0,5.424,0.0
109,-2.6140000000000003,0.628,0.009,1.4331210191082802,0.014331210191082801,4.2439931165e-314,2.899919447936e-310,0.0,5.474,0.0
110,-2.664,0.603,0.01,1.658374792703151,0.01658374792703151,4.2439931175e-314,4.9782021264563e-311,0.0,5.524,0.0
111,-2.714,0.678,0.009,1.327433628318584,0.013274336283185839,4.2439931185e-314,2.4445391511942e-310,0.0,5.574,0.0
112,-2.764,0.828,0.011,1.328502415458937,0.013285024154589372,4.2439931195e-314,4.978202126457e-311,0.0,5.624,0.0
113,-2.8140000000000005,0.979,0.012,1.2257405515832482,0.012257405515832483,4.2439931205e-314,2.498862243443e-310,0.0,5.674,0.0
114,-2.8640000000000003,1.304,0.021,1.6104294478527608,0.016104294478527608,4.2439931214e-314,4.9782021264573e-311,0.0,5.724,0.0
115,-2.914,0.904,0.028,3.0973451327433628,0.030973451327433628,4.2439931224e-314,2.4445391511942e-310,0.0,5.774,0.0
116,-2.964,0.829,0.026,3.1363088057901085,0.031363088057901084,4.2439931234e-314,4.978202126458e-311,0.0,5.824,0.0
117,-3.014,0.729,0.02,2.7434842249657065,0.027434842249657067,4.2439931244e-314,7.6391848476e-313,0.0,5.874,0.0
118,-3.0640000000000005,0.754,0.013,1.7241379310344827,0.017241379310344827,4.2439931254e-314,4.9803241222487e-311,0.0,5.924,0.0
119,-3.1140000000000003,0.829,0.013,1.5681544028950543,0.015681544028950542,4.2439931264e-314,2.4453879495105e-310,0.0,5.974,0.0
120,-3.164,0.804,0.013,1.616915422885572,0.01616915422885572,4.2439931274e-314,4.980324122249e-311,0.0,6.024,0.0
121,-3.214,0.854,0.015,1.756440281030445,0.01756440281030445,4.2439931284e-314,2.4445391511942e-310,0.0,6.074,0.0
122,-3.264,1.179,0.02,1.6963528413910092,0.016963528413910092,4.2439931293e-314,4.9803241222497e-311,0.0,6.124,0.0
123,-3.3140000000000005,0.804,0.02,2.487562189054726,0.02487562189054726,4.2439931303e-314,2.498862243443e-310,0.0,6.174,0.0
124,-3.3640000000000003,0.804,0.02,2.487562189054726,0.02487562189054726,4.2439931313e-314,4.98032412225e-311,0.0,6.224,0.0
125,-3.414,0.779,0.018,2.310654685494223,0.02310654685494223,4.2439931323e-314,2.498862243443e-310,0.0,6.274,0.0
126,-3.464,0.804,0.013,1.616915422885572,0.01616915422885572,4.2439931333e-314,4.9803241222507e-311,0.0,6.324,0.0
127,-3.514,0.804,0.011,1.3681592039800994,0.013681592039800993,4.2439931343e-314,2.4445391511942e-310,0.0,6.374,0.0
128,-3.5640000000000005,0.729,0.012,1.646090534979424,0.01646090534979424,4.2439931353e-314,4.980324122251e-311,0.0,6.424,0.0
129,-3.6140000000000003,0.729,0.012,1.646090534979424,0.01646090534979424,4.2439931363e-314,1.1248699687922e-310,0.0,6.474,0.0
130,-3.664,0.704,0.011,1.5625,0.015625,4.2439931372e-314,4.982446118042e-311,0.0,6.524,0.0
131,-3.714,0.729,0.009,1.2345679012345678,0.012345679012345678,4.243993138e-314,2.38597206736264e-310,0.0,6.574,0.0
132,-3.764,0.929,0.009,0.9687836383207749,0.009687836383207749,4.243993139e-314,4.9824461180427e-311,0.0,6.624,0.0
133,-3.8140000000000005,1.029,0.014,1.360544217687075,0.01360544217687075,4.24399314e-314,6.2811075412624e-310,0.0,6.674,0.0
134,-3.8640000000000003,0.829,0.024,2.8950542822677927,0.02895054282267793,4.243993141e-314,4.982446118043e-311,0.0,6.724,0.0
135,-3.914,0.754,0.028,3.7135278514588856,0.03713527851458886,4.243993142e-314,6.25988758335373e-310,0.0,6.774,0.0
136,-3.964,0.754,0.025,3.3156498673740056,0.033156498673740056,4.243993143e-314,4.984568113834e-311,0.0,6.824,0.0
137,-4.013999999999999,0.729,0.015,2.05761316872428,0.0205761316872428,4.243993144e-314,1.0440219291554e-310,0.0,6.874,0.0
138,-4.064,0.729,0.012,1.646090534979424,0.01646090534979424,4.243993145e-314,4.9845681138346e-311,0.0,6.924,0.0
139,-4.114000000000001,0.754,0.012,1.5915119363395225,0.015915119363395226,4.243993146e-314,7.33361745358265e-310,0.0,6.974,0.0
140,-4.164,0.729,0.011,1.5089163237311385,0.015089163237311385,4.243993147e-314,4.984568113835e-311,0.0,7.024,0.0
141,-4.214,0.729,0.012,1.646090534979424,0.01646090534979424,4.243993148e-314,4.5381001985632e-310,0.0,7.074,0.0
142,-4.263999999999999,0.73,0.011,1.506849315068493,0.01506849315068493,4.243993149e-314,4.9845681138356e-311,0.0,7.124,0.0
143,-4.314,0.83,0.013,1.566265060240964,0.01566265060240964,4.24399315e-314,1.0694858786524e-311,0.0,7.174,0.0
144,-4.364000000000001,0.93,0.016,1.7204301075268817,0.017204301075268817,4.243993151e-314,4.9866901096266e-311,0.0,7.224,0.0
145,-4.414,0.88,0.017,1.931818181818182,0.01931818181818182,4.243993152e-314,3.79412847424887e-310,0.0,7.274,0.0
146,-4.464,0.78,0.016,2.051282051282051,0.020512820512820513,4.243993153e-314,4.986690109627e-311,0.0,7.324,0.0
147,-4.513999999999999,0.755,0.015,1.9867549668874174,0.019867549668874173,4.243993154e-314,3.91126264191075e-310,0.0,7.374,0.0
148,-4.564,0.78,0.015,1.923076923076923,0.01923076923076923,4.243993155e-314,4.9866901096276e-311,0.0,7.424,0.0
149,-4.614000000000001,0.93,0.015,1.6129032258064515,0.016129032258064516,4.243993156e-314,3.91126264191075e-310,0.0,7.474,0.0
150,-4.664,1.155,0.02,1.7316017316017316,0.017316017316017316,4.243993157e-314,4.986690109628e-311,0.0,7.524,0.0
151,-4.714,0.955,0.025,2.617801047120419,0.026178010471204192,4.243993158e-314,2.04135995091116e-310,0.0,7.574,0.0
152,-4.763999999999999,0.955,0.023,2.4083769633507854,0.024083769633507855,4.243993159e-314,4.988812105419e-311,0.0,7.624,0.0
153,-4.814,1.205,0.021,1.7427385892116183,0.017427385892116183,4.24399316e-314,1.77802027325074e-310,0.0,7.674,0.0
154,-4.864000000000001,0.905,0.019,2.0994475138121547,0.020994475138121547,4.243993161e-314,4.9888121054195e-311,0.0,7.724,0.0
155,-4.914,0.93,0.02,2.150537634408602,0.02150537634408602,4.243993162e-314,4.487172299579e-310,0.0,7.774,0.0
156,-4.964,0.78,0.021,2.6923076923076925,0.026923076923076925,4.243993163e-314,4.98881210542e-311,0.0,7.824,0.0
157,-5.013999999999999,0.83,0.019,2.289156626506024,0.022891566265060243,4.243993164e-314,7.76820219157273e-310,0.0,7.874,0.0
158,-5.064,0.78,0.016,2.051282051282051,0.020512820512820513,4.243993165e-314,4.9888121054205e-311,0.0,7.924,0.0
159,-5.114000000000001,0.755,0.014,1.8543046357615895,0.018543046357615896,4.243993166e-314,9.16702181705e-312,0.0,7.974,0.0
160,-5.164,0.805,0.014,1.7391304347826086,0.017391304347826087,4.243993167e-314,4.9909341012115e-311,0.0,8.024,0.0
161,-5.214,0.755,0.016,2.119205298013245,0.02119205298013245,4.243993168e-314,1.372506877597603e-309,0.0,8.074,0.0
162,-5.264000000000001,0.755,0.017,2.2516556291390732,0.02251655629139073,4.243993169e-314,4.9930560970024e-311,0.0,8.124,0.0
163,-5.314,0.805,0.014,1.7391304347826086,0.017391304347826087,4.24399317e-314,6.63951263035455e-310,0.0,8.174,0.0
164,-5.364000000000001,0.83,0.014,1.6867469879518073,0.016867469879518072,4.243993171e-314,4.993056097003e-311,0.0,8.224,0.0
165,-5.414,0.905,0.013,1.43646408839779,0.0143646408839779,4.243993172e-314,9.8800124028277e-311,0.0,8.274,0.0
166,-5.464,1.005,0.018,1.791044776119403,0.01791044776119403,4.243993173e-314,4.995178092794e-311,0.0,8.324,0.0
167,-5.514000000000001,1.08,0.023,2.1296296296296298,0.021296296296296296,4.243993174e-314,3.6197004202412e-310,0.0,8.374,0.0
168,-5.564,1.03,0.034,3.300970873786408,0.03300970873786408,4.243993175e-314,4.997300088585e-311,0.0,8.424,0.0
169,-5.614000000000001,1.13,0.036,3.185840707964602,0.03185840707964602,4.243993176e-314,1.8334043634177e-311,0.0,8.474,0.0
170,-5.664,0.856,0.031,3.6214953271028034,0.036214953271028034,4.243993177e-314,4.9973000885844e-311,0.0,8.524,0.0
171,-5.714,0.906,0.031,3.4216335540838854,0.03421633554083885,4.243993178e-314,1.9155680404212e-309,0.0,8.574,0.0
172,-5.764000000000001,0.806,0.026,3.225806451612903,0.03225806451612903,4.2439931788e-314,4.9994220843753e-311,0.0,8.624,0.0
173,-5.814,0.806,0.02,2.4813895781637716,0.024813895781637715,4.2439931797e-314,7.36353759423744e-310,0.0,8.674,0.0
174,-5.864000000000001,0.806,0.015,1.8610421836228286,0.018610421836228287,4.2439931807e-314,4.999422084375e-311,0.0,8.724,0.0
175,-5.914,0.831,0.013,1.5643802647412757,0.015643802647412757,4.2439931817e-314,6.99324932870896e-310,0.0,8.774,0.0
176,-5.964,0.856,0.013,1.5186915887850467,0.015186915887850467,4.2439931827e-314,5.001544080166e-311,0.0,8.824,0.0
177,-6.014000000000001,0.881,0.013,1.4755959137343928,0.014755959137343927,4.2439931837e-314,2.75010654509406e-310,0.0,8.874,0.0
178,-6.064,1.056,0.013,1.231060606060606,0.01231060606060606,4.2439931847e-314,5.0015440801653e-311,0.0,8.924,0.0
179,-6.114000000000001,0.831,0.021,2.5270758122743686,0.025270758122743684,4.2439931857e-314,3.67656990742935e-310,0.0,8.974,0.0
180,-6.164,0.781,0.018,2.3047375160051216,0.023047375160051214,4.2439931867e-314,5.001544080165e-311,0.0,9.024,0.0
181,-6.214,0.756,0.016,2.1164021164021163,0.021164021164021163,4.2439931876e-314,3.802616457413e-311,0.0,9.074,0.0
182,-6.264000000000001,0.781,0.008,1.0243277848911652,0.010243277848911651,4.2439931886e-314,5.0015440801643e-311,0.0,9.124,0.0
183,-6.314,0.906,0.009,0.9933774834437085,0.009933774834437085,4.2439931896e-314,3.802616457413e-311,0.0,9.174,0.0
184,-6.364000000000001,0.906,0.01,1.1037527593818983,0.011037527593818984,4.2439931906e-314,5.001544080164e-311,0.0,9.224,0.0
185,-6.414,0.906,0.012,1.3245033112582782,0.013245033112582781,4.2439931916e-314,3.802616457413e-311,0.0,9.274,0.0
186,-6.464,0.906,0.015,1.6556291390728475,0.016556291390728475,4.2439931926e-314,5.0015440801633e-311,0.0,9.324,0.0
187,-6.514000000000001,0.856,0.016,1.869158878504673,0.01869158878504673,4.2439931936e-314,4.345847379901e-311,0.0,9.374,0.0
188,-6.564,0.881,0.015,1.70261066969353,0.0170261066969353,4.2439931946e-314,5.001544080163e-311,0.0,9.424,0.0
189,-6.614000000000001,0.906,0.014,1.5452538631346577,0.015452538631346577,4.2439931955e-314,3.802616457413e-311,0.0,9.474,0.0
190,-6.664,0.931,0.011,1.1815252416756175,0.011815252416756175,4.2439931965e-314,5.0015440801624e-311,0.0,9.524,0.0
191,-6.714,0.956,0.017,1.778242677824268,0.01778242677824268,4.2439931975e-314,3.802616457413e-311,0.0,9.574,0.0
192,-6.764000000000001,0.906,0.018,1.986754966887417,0.01986754966887417,4.2439931985e-314,5.001544080162e-311,0.0,9.624,0.0
193,-6.814,0.856,0.015,1.7523364485981308,0.017523364485981307,4.2439931995e-314,3.802616457413e-311,0.0,9.674,0.0
194,-6.864000000000001,0.831,0.007,0.8423586040914562,0.008423586040914562,4.2439932005e-314,5.0015440801614e-311,0.0,9.724,0.0
195,-6.914,0.906,0.007,0.7726269315673289,0.007726269315673289,4.2439932015e-314,3.802616457413e-311,0.0,9.774,0.0
196,-6.964,0.906,0.01,1.1037527593818983,0.011037527593818984,4.2439932025e-314,5.001544080161e-311,0.0,9.824,0.0
197,-7.014000000000001,0.806,0.012,1.488833746898263,0.01488833746898263,4.2439932035e-314,4.345847379901e-311,0.0,9.874,0.0
198,-7.064,1.056,0.011,1.0416666666666665,0.010416666666666666,4.2439932044e-314,5.0015440801604e-311,0.0,9.924,0.0
199,-7.114000000000001,0.907,0.018,1.984564498346196,0.01984564498346196,4.2439932054e-314,3.802616457413e-311,0.0,9.974,0.0
200,-7.164,1.007,0.015,1.4895729890764648,0.014895729890764648,4.2439932064e-314,5.00154408016e-311,0.0,10.024,0.0
201,-7.214,1.307,0.024,1.8362662586074983,0.018362662586074982,4.2439932074e-314,3.802616457413e-311,0.0,10.074,0.0
202,-7.264000000000001,1.157,0.028,2.4200518582541055,0.024200518582541054,4.2439932084e-314,5.0015440801594e-311,0.0,10.124,0.0
203,-7.314,1.032,0.043,4.166666666666666,0.041666666666666664,4.2439932094e-314,3.802616457413e-311,0.0,10.174,0.0
204,-7.364000000000001,1.007,0.034,3.376365441906654,0.03376365441906654,4.2439932104e-314,5.001544080159e-311,0.0,10.224,0.0
205,-7.414,1.007,0.029,2.879841112214499,0.028798411122144988,4.2439932114e-314,3.802616457413e-311,0.0,10.274,0.0
206,-7.464,1.107,0.026,2.3486901535682025,0.023486901535682024,4.2439932123e-314,5.0015440801584e-311,0.0,10.324,0.0
207,-7.514000000000001,1.157,0.028,2.4200518582541055,0.024200518582541054,4.2439932133e-314,4.345847379901e-311,0.0,10.374,0.0
208,-7.564,1.232,0.031,2.5162337662337664,0.025162337662337664,4.2439932143e-314,5.001544080158e-311,0.0,10.424,0.0
209,-7.614000000000001,1.357,0.037,2.726602800294768,0.027266028002947678,4.2439932153e-314,3.802616457413e-311,0.0,10.474,0.0
210,-7.664,1.307,0.041,3.136954858454476,0.031369548584544764,4.2439932163e-314,5.0015440801574e-311,0.0,10.524,0.0
211,-7.714,1.457,0.05,3.431708991077557,0.03431708991077557,4.2439932173e-314,3.802616457413e-311,0.0,10.574,0.0
212,-7.764000000000001,1.507,0.067,4.445919044459191,0.04445919044459191,4.2439932183e-314,5.001544080157e-311,0.0,10.624,0.0
213,-7.814,1.532,0.082,5.3524804177545695,0.053524804177545696,4.2439932193e-314,3.802616457413e-311,0.0,10.674,0.0
214,-7.864000000000001,1.657,0.096,5.793602896801448,0.05793602896801448,4.2439932203e-314,5.0015440801564e-311,0.0,10.724,0.0
215,-7.914,1.657,0.107,6.457453228726615,0.06457453228726615,4.243993221e-314,3.802616457413e-311,0.0,10.774,0.0
216,-7.964,1.682,0.119,7.074910820451843,0.07074910820451843,4.243993222e-314,5.001544080156e-311,0.0,10.824,0.0
217,-8.014000000000001,1.732,0.128,7.390300230946882,0.07390300230946882,4.243993223e-314,4.201551666114e-311,0.0,10.874,0.0
218,-8.064,1.782,0.133,7.463524130190797,0.07463524130190798,4.243993224e-314,5.003666075947e-311,0.0,10.924,0.0
219,-8.114,1.707,0.131,7.674282366725249,0.07674282366725249,4.243993225e-314,3.14055377064e-312,0.0,10.974,0.0
220,-8.164,1.482,0.122,8.232118758434549,0.08232118758434548,4.243993226e-314,5.0036660759464e-311,0.0,11.024,0.0
221,-8.214,1.382,0.102,7.380607814761215,0.07380607814761216,4.243993227e-314,3.802616457413e-311,0.0,11.074,0.0
222,-8.264000000000001,1.432,0.094,6.564245810055866,0.06564245810055866,4.243993228e-314,5.003666075946e-311,0.0,11.124,0.0
223,-8.314,1.407,0.095,6.751954513148544,0.06751954513148543,4.243993229e-314,3.802616457413e-311,0.0,11.174,0.0
224,-8.364,1.482,0.102,6.882591093117409,0.06882591093117409,4.24399323e-314,5.0036660759454e-311,0.0,11.224,0.0
225,-8.414,1.482,0.11,7.422402159244265,0.07422402159244265,4.243993231e-314,3.802616457413e-311,0.0,11.274,0.0
226,-8.464,1.432,0.117,8.170391061452515,0.08170391061452514,4.243993232e-314,5.003666075945e-311,0.0,11.324,0.0
227,-8.514000000000001,1.408,0.118,8.380681818181818,0.08380681818181818,4.243993233e-314,3.802616457413e-311,0.0,11.374,0.0
228,-8.564,1.358,0.117,8.61561119293078,0.0861561119293078,4.243993234e-314,5.0036660759444e-311,0.0,11.424,0.0
229,-8.614,1.408,0.116,8.238636363636365,0.08238636363636365,4.243993235e-314,4.345847379901e-311,0.0,11.474,0.0
230,-8.664,1.483,0.117,7.889413351314903,0.07889413351314903,4.243993236e-314,5.003666075944e-311,0.0,11.524,0.0
231,-8.714,1.558,0.14,8.985879332477536,0.08985879332477535,4.243993237e-314,3.802616457413e-311,0.0,11.574,0.0
232,-8.764000000000001,1.508,0.133,8.819628647214854,0.08819628647214854,4.243993238e-314,5.0036660759434e-311,0.0,11.624,0.0
233,-8.814,1.483,0.125,8.428860418071476,0.08428860418071477,4.243993239e-314,3.802616457413e-311,0.0,11.674,0.0
234,-8.864,1.608,0.127,7.898009950248756,0.07898009950248756,4.24399324e-314,5.003666075943e-311,0.0,11.724,0.0
235,-8.914,1.583,0.136,8.591282375236894,0.08591282375236893,4.243993241e-314,3.802616457413e-311,0.0,11.774,0.0
236,-8.964,1.608,0.14,8.706467661691542,0.08706467661691543,4.243993242e-314,5.0036660759424e-311,0.0,11.824,0.0
237,-9.014000000000001,1.708,0.14,8.196721311475411,0.0819672131147541,4.243993243e-314,3.802616457413e-311,0.0,11.874,0.0
238,-9.064,1.658,0.137,8.262967430639327,0.08262967430639326,4.243993244e-314,5.003666075942e-311,0.0,11.924,0.0
239,-9.114,1.608,0.129,8.022388059701493,0.08022388059701492,4.243993245e-314,4.345847379901e-311,0.0,11.974,0.0
240,-9.164,1.458,0.118,8.093278463648835,0.08093278463648834,4.243993246e-314,5.0036660759415e-311,0.0,12.024,0.0
241,-9.214,1.283,0.103,8.028059236165237,0.08028059236165237,4.243993247e-314,3.802616457413e-311,0.0,12.074,0.0
242,-9.264000000000001,1.358,0.084,6.185567010309279,0.061855670103092786,4.243993248e-314,5.003666075941e-311,0.0,12.124,0.0
243,-9.314,1.258,0.08,6.359300476947535,0.06359300476947535,4.243993249e-314,3.802616457413e-311,0.0,12.174,0.0
244,-9.364,1.183,0.075,6.339814032121724,0.06339814032121724,4.24399325e-314,5.0036660759405e-311,0.0,12.224,0.0
245,-9.414,1.108,0.061,5.505415162454873,0.05505415162454873,4.243993251e-314,3.802616457413e-311,0.0,12.274,0.0
246,-9.464,1.033,0.043,4.162633107454018,0.041626331074540175,4.243993252e-314,5.00366607594e-311,0.0,12.324,0.0
247,-9.514000000000001,1.133,0.036,3.1774051191526915,0.03177405119152692,4.243993253e-314,3.802616457413e-311,0.0,12.374,0.0
248,-9.564,1.183,0.033,2.789518174133559,0.027895181741335588,4.243993254e-314,5.0036660759395e-311,0.0,12.424,0.0
249,-9.614,1.233,0.036,2.91970802919708,0.0291970802919708,4.243993255e-314,4.345847379901e-311,0.0,12.474,0.0
250,-9.664,1.233,0.04,3.2441200324412,0.032441200324412,4.243993256e-314,5.003666075939e-311,0.0,12.524,0.0
251,-9.714,1.308,0.045,3.440366972477064,0.03440366972477064,4.243993257e-314,3.802616457413e-311,0.0,12.574,0.0
252,-9.764000000000001,1.283,0.049,3.8191738113795797,0.038191738113795795,4.243993258e-314,5.0036660759385e-311,0.0,12.624,0.0
253,-9.814,1.283,0.05,3.8971161340607954,0.038971161340607956,4.243993259e-314,3.802616457413e-311,0.0,12.674,0.0
254,-9.864,1.283,0.05,3.8971161340607954,0.038971161340607956,4.24399326e-314,5.003666075938e-311,0.0,12.724,0.0
255,-9.914,1.259,0.049,3.8919777601270855,0.038919777601270855,4.243993261e-314,3.802616457413e-311,0.0,12.774,0.0
256,-9.964,1.259,0.048,3.8125496425734715,0.03812549642573471,4.243993262e-314,5.0036660759375e-311,0.0,12.824,0.0
257,-10.01,1.209,0.045,3.722084367245657,0.03722084367245657,4.2439932627e-314,4.345847379901e-311,0.0,12.87,0.0
258,-10.06,1.259,0.041,3.2565528196981735,0.03256552819698173,4.2439932637e-314,5.003666075937e-311,0.0,12.92,0.0
259,-10.110000000000001,1.309,0.039,2.979373567608862,0.029793735676088617,4.2439932647e-314,3.802616457413e-311,0.0,12.97,0.0
260,-10.16,1.384,0.042,3.0346820809248563,0.03034682080924856,4.2439932657e-314,5.0036660759365e-311,0.0,13.02,0.0
261,-10.21,1.384,0.045,3.251445086705203,0.03251445086705203,4.2439932667e-314,3.802616457413e-311,0.0,13.07,0.0
262,-10.26,1.359,0.053,3.899926416482708,0.03899926416482708,4.2439932677e-314,5.003666075936e-311,0.0,13.12,0.0
263,-10.31,1.409,0.054,3.8325053229240598,0.0383250532292406,4.2439932687e-314,3.802616457413e-311,0.0,13.17,0.0
264,-10.360000000000001,1.509,0.055,3.6447978793903246,0.03644797879390325,4.2439932697e-314,5.0036660759355e-311,0.0,13.22,0.0
265,-10.41,1.384,0.065,4.696531791907515,0.04696531791907515,4.2439932706e-314,3.802616457413e-311,0.0,13.27,0.0
266,-10.46,1.334,0.068,5.097451274362818,0.050974512743628186,4.2439932716e-314,5.003666075935e-311,0.0,13.32,0.0
267,-10.51,1.184,0.067,5.658783783783784,0.05658783783783784,4.2439932726e-314,4.345847379901e-311,0.0,13.37,0.0
268,-10.56,1.034,0.054,5.222437137330754,0.05222437137330754,4.2439932736e-314,5.0036660759345e-311,0.0,13.42,0.0
269,-10.610000000000001,0.984,0.039,3.9634146341463414,0.039634146341463415,4.2439932746e-314,3.802616457413e-311,0.0,13.47,0.0
270,-10.66,0.934,0.021,2.2483940042826553,0.022483940042826552,4.2439932756e-314,5.003666075934e-311,0.0,13.52,0.0
271,-10.71,0.934,0.012,1.284796573875803,0.01284796573875803,4.2439932766e-314,3.802616457413e-311,0.0,13.57,0.0
272,-10.76,0.959,0.009,0.9384775808133471,0.009384775808133471,4.2439932776e-314,5.0036660759336e-311,0.0,13.62,0.0
273,-10.81,0.934,0.01,1.070663811563169,0.010706638115631691,4.2439932786e-314,3.802616457413e-311,0.0,13.67,0.0
274,-10.860000000000001,0.934,0.01,1.070663811563169,0.010706638115631691,4.2439932795e-314,5.003666075933e-311,0.0,13.72,0.0
275,-10.91,0.934,0.01,1.070663811563169,0.010706638115631691,4.2439932805e-314,3.802616457413e-311,0.0,13.77,0.0
276,-10.96,0.934,0.01,1.070663811563169,0.010706638115631691,4.2439932815e-314,5.0036660759326e-311,0.0,13.82,0.0
277,-11.01,0.959,0.009,0.9384775808133471,0.009384775808133471,4.2439932825e-314,4.345847379901e-311,0.0,13.87,0.0
278,-11.06,0.934,0.009,0.9635974304068521,0.00963597430406852,4.2439932835e-314,5.003666075932e-311,0.0,13.92,0.0
279,-11.110000000000001,0.934,0.009,0.9635974304068521,0.00963597430406852,4.2439932845e-314,3.802616457413e-311,0.0,13.97,0.0
280,-11.16,0.959,0.008,0.8342022940563086,0.008342022940563087,4.2439932855e-314,5.0036660759316e-311,0.0,14.02,0.0
281,-11.21,0.959,0.008,0.8342022940563086,0.008342022940563087,4.2439932865e-314,3.802616457413e-311,0.0,14.07,0.0
282,-11.26,0.984,0.01,1.0162601626016259,0.01016260162601626,4.2439932874e-314,5.003666075931e-311,0.0,14.12,0.0
283,-11.31,0.959,0.012,1.251303441084463,0.01251303441084463,4.2439932884e-314,3.802616457413e-311,0.0,14.17,0.0
284,-11.360000000000001,0.935,0.011,1.176470588235294,0.01176470588235294,4.2439932894e-314,5.0036660759306e-311,0.0,14.22,0.0
285,-11.41,0.935,0.011,1.176470588235294,0.01176470588235294,4.2439932904e-314,3.802616457413e-311,0.0,14.27,0.0
286,-11.46,0.935,0.01,1.06951871657754,0.0106951871657754,4.2439932914e-314,5.00366607593e-311,0.0,14.32,0.0
287,-11.51,0.91,0.011,1.2087912087912087,0.012087912087912087,4.2439932924e-314,4.345847379901e-311,0.0,14.37,0.0
288,-11.56,0.885,0.011,1.2429378531073445,0.012429378531073445,4.2439932934e-314,5.0036660759296e-311,0.0,14.42,0.0
289,-11.610000000000001,0.91,0.01,1.0989010989010988,0.010989010989010988,4.2439932944e-314,3.802616457413e-311,0.0,14.47,0.0
290,-11.66,0.91,0.009,0.9890109890109889,0.00989010989010989,4.2439932954e-314,5.003666075929e-311,0.0,14.52,0.0
291,-11.71,0.935,0.008,0.8556149732620321,0.008556149732620321,4.2439932963e-314,1.9225281866155e-311,0.0,14.57,0.0
292,-11.76,0.91,0.01,1.0989010989010988,0.010989010989010988,4.2439932973e-314,5.00578807172e-311,0.0,14.62,0.0
293,-11.81,0.885,0.01,1.1299435028248588,0.011299435028248588,4.2439932983e-314,6.0960695082977e-310,0.0,14.67,0.0
294,-11.860000000000001,0.885,0.01,1.1299435028248588,0.011299435028248588,4.2439932993e-314,5.007910067511e-311,0.0,14.72,0.0
295,-11.91,0.885,0.011,1.2429378531073445,0.012429378531073445,4.2439933003e-314,5.97554014737085e-310,0.0,14.77,0.0
296,-11.96,0.86,0.011,1.2790697674418605,0.012790697674418604,4.2439933013e-314,5.010032063302e-311,0.0,14.82,0.0
297,-12.01,0.91,0.012,1.3186813186813187,0.013186813186813187,4.2439933023e-314,5.97554014737085e-310,0.0,14.87,0.0
298,-12.06,0.935,0.012,1.2834224598930482,0.012834224598930482,4.2439933033e-314,5.012154059093e-311,0.0,14.92,0.0
299,-12.110000000000001,0.96,0.011,1.1458333333333333,0.011458333333333333,4.243993304e-314,5.97554014737085e-310,0.0,14.97,0.0
300,-12.16,1.01,0.011,1.089108910891089,0.01089108910891089,4.243993305e-314,5.0121540590915e-311,0.0,15.02,0.0
301,-12.21,1.06,0.012,1.1320754716981132,0.011320754716981131,4.243993306e-314,2.1219956645e-314,0.0,15.07,0.0
302,-12.26,1.185,0.014,1.1814345991561181,0.01181434599156118,4.243993307e-314,5.0100320633005e-311,0.0,15.12,0.0
303,-12.31,1.16,0.018,1.5517241379310345,0.015517241379310345,4.243993308e-314,2.1219956645e-314,0.0,15.17,0.0
304,-12.360000000000001,1.085,0.021,1.935483870967742,0.01935483870967742,4.243993309e-314,5.0079100675096e-311,0.0,15.22,0.0
305,-12.41,1.085,0.023,2.1198156682027647,0.02119815668202765,4.24399331e-314,2.1219956645e-314,0.0,15.27,0.0
306,-12.46,1.035,0.019,1.8357487922705313,0.018357487922705314,4.243993311e-314,5.0057880717186e-311,0.0,15.32,0.0
307,-12.51,1.11,0.015,1.3513513513513513,0.013513513513513513,4.243993312e-314,2.1219956645e-314,0.0,15.37,0.0
308,-12.56,1.135,0.016,1.4096916299559472,0.014096916299559472,4.243993313e-314,5.0036660759276e-311,0.0,15.42,0.0
309,-12.610000000000001,1.135,0.016,1.4096916299559472,0.014096916299559472,4.243993314e-314,2.1219956645e-314,0.0,15.47,0.0
310,-12.66,1.11,0.018,1.6216216216216213,0.016216216216216214,4.243993315e-314,5.0015440801367e-311,0.0,15.52,0.0
311,-12.71,1.11,0.016,1.4414414414414414,0.014414414414414413,4.243993316e-314,2.1219956645e-314,0.0,15.57,0.0
312,-12.76,1.086,0.016,1.47329650092081,0.014732965009208102,4.243993317e-314,4.9994220843457e-311,0.0,15.62,0.0
313,-12.81,1.136,0.016,1.4084507042253522,0.014084507042253523,4.243993318e-314,2.1219956645e-314,0.0,15.67,0.0
314,-12.860000000000001,1.111,0.017,1.5301530153015301,0.015301530153015303,4.243993319e-314,4.9973000885547e-311,0.0,15.72,0.0
315,-12.91,1.061,0.018,1.6965127238454287,0.016965127238454288,4.24399332e-314,2.1219956645e-314,0.0,15.77,0.0
316,-12.96,1.011,0.019,1.8793273986152326,0.018793273986152326,4.243993321e-314,4.995178092764e-311,0.0,15.82,0.0
317,-13.01,1.011,0.014,1.384767556874382,0.01384767556874382,4.243993322e-314,2.1219956645e-314,0.0,15.87,0.0
318,-13.06,1.061,0.011,1.0367577756833175,0.010367577756833175,4.243993323e-314,4.993056096973e-311,0.0,15.92,0.0
319,-13.110000000000001,1.086,0.011,1.012891344383057,0.01012891344383057,4.243993324e-314,2.1219956645e-314,0.0,15.97,0.0
320,-13.16,1.136,0.012,1.0563380281690142,0.010563380281690142,4.243993325e-314,4.990934101182e-311,0.0,16.02,0.0
321,-13.21,1.136,0.014,1.2323943661971832,0.012323943661971832,4.243993326e-314,,0.0,16.07,0.0
322,-13.260000000000002,1.111,0.014,1.2601260126012601,0.012601260126012601,4.243993327e-314,4.9909341011823e-311,0.0,16.12,0.0
323,-13.310000000000002,1.136,0.015,1.3204225352112677,0.013204225352112678,4.243993328e-314,,0.0,16.17,0.0
324,-13.36,1.161,0.015,1.2919896640826873,0.012919896640826873,4.243993329e-314,4.990934101183e-311,0.0,16.22,0.0
325,-13.41,1.136,0.016,1.4084507042253522,0.014084507042253523,4.24399333e-314,,0.0,16.27,0.0
326,-13.46,1.086,0.016,1.47329650092081,0.014732965009208102,4.243993331e-314,4.9909341011833e-311,0.0,16.32,0.0
327,-13.510000000000002,1.086,0.015,1.3812154696132595,0.013812154696132594,4.243993332e-314,,0.0,16.37,0.0
328,-13.560000000000002,1.111,0.012,1.08010801080108,0.010801080108010801,4.243993333e-314,4.990934101184e-311,0.0,16.42,0.0
329,-13.61,1.136,0.012,1.0563380281690142,0.010563380281690142,4.243993334e-314,,0.0,16.47,0.0
330,-13.66,1.161,0.013,1.119724375538329,0.01119724375538329,4.243993335e-314,4.9909341011843e-311,0.0,16.52,0.0
331,-13.71,1.286,0.014,1.088646967340591,0.01088646967340591,4.243993336e-314,,0.0,16.57,0.0
332,-13.760000000000002,1.386,0.015,1.0822510822510822,0.010822510822510822,4.243993337e-314,4.990934101185e-311,0.0,16.62,0.0
333,-13.810000000000002,1.386,0.022,1.5873015873015872,0.015873015873015872,4.243993338e-314,,0.0,16.67,0.0
334,-13.86,1.361,0.03,2.204261572373255,0.022042615723732548,4.243993339e-314,4.9909341011853e-311,0.0,16.72,0.0
335,-13.91,1.411,0.035,2.4805102763997167,0.024805102763997167,4.24399334e-314,,0.0,16.77,0.0
336,-13.96,1.486,0.038,2.557200538358008,0.02557200538358008,4.243993341e-314,4.990934101186e-311,0.0,16.82,0.0
337,-14.010000000000002,1.461,0.042,2.8747433264887063,0.028747433264887063,4.243993342e-314,,0.0,16.87,0.0
338,-14.060000000000002,1.461,0.053,3.6276522929500334,0.036276522929500336,4.243993343e-314,4.9909341011863e-311,0.0,16.92,0.0
339,-14.11,1.486,0.064,4.306864064602961,0.04306864064602961,4.243993344e-314,,0.0,16.97,0.0
340,-14.16,1.586,0.079,4.98108448928121,0.0498108448928121,4.243993345e-314,4.990934101187e-311,0.0,17.02,0.0
341,-14.21,1.587,0.092,5.797101449275362,0.057971014492753624,4.2439933457e-314,,0.0,17.07,0.0
342,-14.260000000000002,1.462,0.093,6.361149110807114,0.06361149110807114,4.2439933467e-314,4.9909341011873e-311,0.0,17.12,0.0
343,-14.310000000000002,1.362,0.074,5.4331864904552125,0.05433186490455212,4.2439933477e-314,,0.0,17.17,0.0
344,-14.36,1.237,0.05,4.042037186742118,0.04042037186742118,4.2439933487e-314,4.990934101188e-311,0.0,17.22,0.0
345,-14.41,1.087,0.04,3.679852805887765,0.03679852805887765,4.2439933497e-314,,0.0,17.27,0.0
346,-14.46,1.037,0.035,3.375120540019287,0.03375120540019287,4.2439933507e-314,4.9909341011883e-311,0.0,17.32,0.0
347,-14.510000000000002,1.062,0.027,2.542372881355932,0.02542372881355932,4.2439933517e-314,,0.0,17.37,0.0
348,-14.560000000000002,1.062,0.023,2.165725047080979,0.02165725047080979,4.2439933527e-314,4.9909341011887e-311,0.0,17.42,0.0
349,-14.61,1.037,0.022,2.1215043394406945,0.021215043394406944,4.2439933536e-314,,0.0,17.47,0.0
350,-14.66,1.037,0.02,1.9286403085824495,0.019286403085824494,4.2439933546e-314,4.990934101189e-311,0.0,17.52,0.0
351,-14.71,1.037,0.016,1.5429122468659597,0.015429122468659597,4.2439933556e-314,,0.0,17.57,0.0
352,-14.760000000000002,0.962,0.012,1.2474012474012475,0.012474012474012475,4.2439933566e-314,4.9909341011897e-311,0.0,17.62,0.0
353,-14.810000000000002,1.012,0.011,1.0869565217391304,0.010869565217391304,4.2439933576e-314,,0.0,17.67,0.0
354,-14.86,0.887,0.005,0.5636978579481398,0.005636978579481398,4.2439933586e-314,4.99093410119e-311,0.0,17.72,0.0
355,-14.91,0.937,0.002,0.21344717182497333,0.0021344717182497333,4.2439933596e-314,,0.0,17.77,0.0
356,-14.96,1.012,0.003,0.2964426877470356,0.002964426877470356,4.2439933606e-314,4.9909341011907e-311,0.0,17.82,0.0
357,-15.010000000000002,1.062,0.006,0.5649717514124294,0.005649717514124294,4.2439933616e-314,,0.0,17.87,0.0
358,-15.060000000000002,1.112,0.011,0.9892086330935251,0.009892086330935251,4.2439933625e-314,4.990934101191e-311,0.0,17.92,0.0
359,-15.11,1.137,0.019,1.6710642040457344,0.016710642040457344,4.2439933635e-314,,0.0,17.97,0.0
360,-15.16,1.162,0.025,2.151462994836489,0.02151462994836489,4.2439933645e-314,4.9909341011917e-311,0.0,18.02,0.0
361,-15.21,1.187,0.028,2.358887952822241,0.02358887952822241,4.2439933655e-314,,0.0,18.07,0.0
362,-15.260000000000002,1.162,0.029,2.495697074010327,0.024956970740103272,4.2439933665e-314,4.990934101192e-311,0.0,18.12,0.0
363,-15.310000000000002,1.137,0.03,2.638522427440633,0.02638522427440633,4.2439933675e-314,,0.0,18.17,0.0
364,-15.36,1.062,0.029,2.7306967984934087,0.027306967984934087,4.2439933685e-314,4.9909341011927e-311,0.0,18.22,0.0
365,-15.41,0.987,0.023,2.330293819655522,0.02330293819655522,4.2439933695e-314,,0.0,18.27,0.0
366,-15.46,1.037,0.017,1.639344262295082,0.01639344262295082,4.2439933704e-314,4.990934101193e-311,0.0,18.32,0.0
367,-15.510000000000002,1.112,0.013,1.1690647482014387,0.011690647482014387,4.2439933714e-314,,0.0,18.37,0.0
368,-15.560000000000002,1.112,0.012,1.079136690647482,0.010791366906474819,4.2439933724e-314,4.9909341011937e-311,0.0,18.42,0.0
369,-15.61,1.063,0.013,1.2229539040451554,0.012229539040451553,4.2439933734e-314,,0.0,18.47,0.0
370,-15.66,0.963,0.012,1.2461059190031154,0.012461059190031154,4.2439933744e-314,4.990934101194e-311,0.0,18.52,0.0
371,-15.71,0.938,0.008,0.8528784648187633,0.008528784648187633,4.2439933754e-314,,0.0,18.57,0.0
372,-15.760000000000002,0.863,0.004,0.4634994206257242,0.004634994206257242,4.2439933764e-314,4.9909341011947e-311,0.0,18.62,0.0
373,-15.810000000000002,0.838,0.004,0.47732696897374705,0.00477326968973747,4.2439933774e-314,,0.0,18.67,0.0
374,-15.86,0.813,0.006,0.7380073800738008,0.007380073800738008,4.2439933784e-314,4.990934101195e-311,0.0,18.72,0.0
375,-15.91,0.838,0.007,0.8353221957040573,0.008353221957040573,4.2439933793e-314,,0.0,18.77,0.0
376,-15.96,2.213,0.013,0.587437867148667,0.00587437867148667,4.2439933803e-314,4.9909341011957e-311,0.0,18.82,0.0
377,-16.01,3.588,0.02,0.5574136008918618,0.005574136008918618,4.2439933813e-314,,0.0,18.87,0.0
378,-16.060000000000002,8.313,0.022,0.26464573559485144,0.002646457355948514,4.2439933823e-314,4.990934101196e-311,0.0,18.92,0.0
379,-16.11,9.288,0.031,0.33376399655469424,0.003337639965546942,4.2439933833e-314,,0.0,18.97,0.0
380,-16.16,10.138,0.055,0.542513316235944,0.00542513316235944,4.2439933843e-314,4.9909341011967e-311,0.0,19.02,0.0
381,-16.21,10.838,0.072,0.6643292120317401,0.006643292120317401,4.2439933853e-314,,0.0,19.07,0.0
382,-16.26,10.938,0.083,0.758822453830682,0.00758822453830682,4.2439933863e-314,4.9888121054057e-311,0.0,19.12,0.0
383,-16.310000000000002,10.463,0.093,0.8888464111631463,0.008888464111631463,4.243993387e-314,,0.0,19.17,0.0
384,-16.36,9.763,0.098,1.0037898187032674,0.010037898187032674,4.243993388e-314,4.988812105406e-311,0.0,19.22,0.0
385,-16.41,9.988,0.098,0.9811774128954747,0.009811774128954747,4.243993389e-314,,0.0,19.27,0.0
386,-16.46,10.863,0.094,0.8653226548835498,0.008653226548835498,4.24399339e-314,4.9888121054067e-311,0.0,19.32,0.0
387,-16.51,11.563,0.091,0.786992994897518,0.00786992994897518,4.243993391e-314,,0.0,19.37,0.0
388,-16.560000000000002,12.663,0.096,0.7581141909500119,0.007581141909500119,4.243993392e-314,4.988812105407e-311,0.0,19.42,0.0
389,-16.61,14.688,0.104,0.7080610021786492,0.007080610021786492,4.243993393e-314,,0.0,19.47,0.0
390,-16.66,16.738,0.106,0.6332895208507587,0.006332895208507588,4.243993394e-314,4.9888121054077e-311,0.0,19.52,0.0
391,-16.71,17.763,0.104,0.5854866858075775,0.005854866858075775,4.243993395e-314,,0.0,19.57,0.0
392,-16.76,18.788,0.126,0.6706408345752608,0.006706408345752608,4.243993396e-314,4.988812105408e-311,0.0,19.62,0.0
393,-16.810000000000002,18.613,0.136,0.7306721108902381,0.0073067211089023806,4.243993397e-314,,0.0,19.67,0.0
394,-16.86,17.988,0.143,0.7949744273960416,0.007949744273960417,4.243993398e-314,4.9888121054087e-311,0.0,19.72,0.0
395,-16.91,17.088,0.149,0.8719569288389512,0.008719569288389512,4.243993399e-314,,0.0,19.77,0.0
396,-16.96,17.063,0.144,0.8439313133681065,0.008439313133681065,4.2439934e-314,4.988812105409e-311,0.0,19.82,0.0
397,-17.01,16.288,0.133,0.8165520628683695,0.008165520628683694,4.243993401e-314,,0.0,19.87,0.0
398,-17.060000000000002,15.639,0.135,0.8632265490120852,0.008632265490120852,4.243993402e-314,4.9888121054096e-311,0.0,19.92,0.0
399,-17.11,15.189,0.134,0.8822173941668313,0.008822173941668314,4.243993403e-314,,0.0,19.97,0.0
400,-17.16,15.139,0.136,0.8983420305172074,0.008983420305172074,4.243993404e-314,4.98881210541e-311,0.0,20.02,0.0
401,-17.21,15.139,0.124,0.8190765572362773,0.008190765572362773,4.243993405e-314,,0.0,20.07,0.0
402,-17.26,14.864,0.118,0.793864370290635,0.00793864370290635,4.243993406e-314,4.9888121054106e-311,0.0,20.12,0.0
403,-17.310000000000002,13.939,0.118,0.8465456632470049,0.008465456632470048,4.243993407e-314,,0.0,20.17,0.0
404,-17.36,12.664,0.119,0.9396715097915351,0.009396715097915351,4.243993408e-314,4.988812105411e-311,0.0,20.22,0.0
405,-17.41,11.664,0.118,1.0116598079561043,0.010116598079561043,4.243993409e-314,,0.0,20.27,0.0
406,-17.46,11.114,0.109,0.9807450062983624,0.009807450062983624,4.24399341e-314,4.9888121054116e-311,0.0,20.32,0.0
407,-17.51,11.364,0.101,0.8887715593101021,0.00888771559310102,4.243993411e-314,,0.0,20.37,0.0
408,-17.560000000000002,12.389,0.095,0.7668092662846073,0.007668092662846074,4.243993412e-314,4.988812105412e-311,0.0,20.42,0.0
409,-17.61,12.389,0.095,0.7668092662846073,0.007668092662846074,4.243993413e-314,,0.0,20.47,0.0
410,-17.66,11.389,0.101,0.8868206163842305,0.008868206163842304,4.243993414e-314,4.9888121054126e-311,0.0,20.52,0.0
411,-17.71,9.914,0.1,1.0086746015735326,0.010086746015735325,4.243993415e-314,,0.0,20.57,0.0
412,-17.76,9.189,0.101,1.0991402764174558,0.010991402764174558,4.243993416e-314,4.988812105413e-311,0.0,20.62,0.0
413,-17.810000000000002,10.339,0.098,0.9478672985781991,0.009478672985781991,4.243993417e-314,,0.0,20.67,0.0
414,-17.86,12.364,0.089,0.7198317696538337,0.007198317696538337,4.243993418e-314,4.9888121054136e-311,0.0,20.72,0.0
415,-17.91,13.239,0.082,0.6193821285595589,0.006193821285595588,4.243993419e-314,,0.0,20.77,0.0
416,-17.96,14.739,0.092,0.6241943144039622,0.006241943144039622,4.24399342e-314,4.988812105414e-311,0.0,20.82,0.0
417,-18.01,16.339,0.105,0.642634188138809,0.0064263418813880905,4.243993421e-314,,0.0,20.87,0.0
418,-18.060000000000002,17.314,0.114,0.6584267067113319,0.006584267067113319,4.243993422e-314,4.9888121054146e-311,0.0,20.92,0.0
419,-18.11,17.414,0.124,0.7120707476742849,0.00712070747674285,4.243993423e-314,,0.0,20.97,0.0
420,-18.16,17.414,0.122,0.7005857356150222,0.007005857356150223,4.243993424e-314,4.988812105415e-311,0.0,21.02,0.0
421,-18.21,16.914,0.113,0.6680856095542154,0.006680856095542154,4.243993425e-314,,0.0,21.07,0.0
422,-18.26,15.839,0.11,0.6944882884020456,0.006944882884020456,4.243993426e-314,4.9888121054156e-311,0.0,21.12,0.0
423,-18.310000000000002,13.889,0.113,0.81359349125207,0.0081359349125207,4.243993427e-314,,0.0,21.17,0.0
424,-18.36,12.414,0.115,0.9263734493314002,0.009263734493314002,4.243993428e-314,4.988812105416e-311,0.0,21.22,0.0
425,-18.41,11.589,0.107,0.9232893260850807,0.009232893260850807,4.2439934287e-314,,0.0,21.27,0.0
426,-18.46,11.19,0.097,0.8668453976764969,0.008668453976764969,4.2439934297e-314,4.9888121054166e-311,0.0,21.32,0.0
427,-18.51,11.24,0.09,0.800711743772242,0.00800711743772242,4.2439934307e-314,,0.0,21.37,0.0
428,-18.560000000000002,11.44,0.087,0.7604895104895104,0.007604895104895104,4.2439934317e-314,4.988812105417e-311,0.0,21.42,0.0
429,-18.61,11.615,0.084,0.7232027550581145,0.007232027550581145,4.2439934327e-314,,0.0,21.47,0.0
430,-18.66,11.965,0.082,0.6853322189720017,0.006853322189720017,4.2439934337e-314,4.9888121054175e-311,0.0,21.52,0.0
431,-18.71,12.49,0.078,0.6244995996797438,0.006244995996797438,4.2439934347e-314,,0.0,21.57,0.0
432,-18.76,13.165,0.08,0.6076718571971136,0.006076718571971136,4.2439934357e-314,4.988812105418e-311,0.0,21.62,0.0
433,-18.810000000000002,13.915,0.083,0.5964786201940353,0.005964786201940353,4.2439934367e-314,,0.0,21.67,0.0
434,-18.86,14.69,0.087,0.5922396187882913,0.005922396187882913,4.2439934376e-314,4.9888121054185e-311,0.0,21.72,0.0
435,-18.91,13.99,0.093,0.6647605432451752,0.0066476054324517515,4.2439934386e-314,,0.0,21.77,0.0
436,-18.96,12.315,0.102,0.8282582216808769,0.008282582216808769,4.2439934396e-314,4.988812105419e-311,0.0,21.82,0.0
437,-19.01,10.99,0.102,0.9281164695177433,0.009281164695177433,4.2439934406e-314,1.993572605697003e-309,0.0,21.87,0.0
438,-19.060000000000002,10.515,0.094,0.8939610080836898,0.008939610080836899,4.2439934416e-314,4.99093410121e-311,0.0,21.92,0.0
439,-19.11,10.49,0.083,0.7912297426120115,0.007912297426120115,4.2439934426e-314,2.30329911134661e-309,0.0,21.97,0.0
440,-19.16,11.79,0.08,0.6785411365564038,0.006785411365564038,4.2439934436e-314,4.993056097001e-311,0.0,22.02,0.0
441,-19.21,14.515,0.079,0.5442645539097485,0.005442645539097485,4.2439934446e-314,1.96106363017973e-309,0.0,22.07,0.0
442,-19.26,14.965,0.081,0.5412629468760441,0.0054126294687604415,4.2439934455e-314,4.995178092792e-311,0.0,22.12,0.0
443,-19.310000000000002,15.14,0.091,0.6010568031704095,0.006010568031704095,4.2439934465e-314,1.61882814901285e-309,0.0,22.17,0.0
444,-19.36,14.49,0.099,0.6832298136645963,0.006832298136645963,4.2439934475e-314,4.997300088583e-311,0.0,22.22,0.0
445,-19.41,14.615,0.098,0.6705439616832022,0.006705439616832022,4.2439934485e-314,1.2711603586211e-309,0.0,22.27,0.0
446,-19.46,13.74,0.1,0.727802037845706,0.00727802037845706,4.2439934495e-314,4.999422084374e-311,0.0,22.32,0.0
447,-19.51,13.815,0.093,0.6731813246471227,0.006731813246471227,4.2439934505e-314,9.2892487745422e-310,0.0,22.37,0.0
448,-19.560000000000002,13.715,0.086,0.6270506744440394,0.006270506744440393,4.2439934515e-314,5.001544080165e-311,0.0,22.42,0.0
449,-19.61,13.365,0.085,0.6359895248784139,0.006359895248784138,4.2439934525e-314,2.27817468118397e-310,0.0,22.47,0.0
450,-19.66,13.39,0.086,0.6422703510082151,0.00642270351008215,4.2439934535e-314,5.0015440801643e-311,0.0,22.52,0.0
451,-19.71,13.64,0.082,0.6011730205278593,0.006011730205278593,4.2439934544e-314,,0.0,22.57,0.0
452,-19.76,14.665,0.085,0.5796113194681214,0.005796113194681214,4.2439934554e-314,5.001544080164e-311,0.0,22.62,0.0
453,-19.810000000000002,15.14,0.085,0.5614266842800528,0.005614266842800529,4.2439934564e-314,,0.0,22.67,0.0
454,-19.86,15.24,0.088,0.5774278215223096,0.005774278215223097,4.2439934574e-314,4.999422084373e-311,0.0,22.72,0.0
455,-19.91,15.591,0.092,0.5900840228336861,0.005900840228336861,4.2439934584e-314,,0.0,22.77,0.0
456,-19.96,14.691,0.101,0.687495745694643,0.00687495745694643,4.2439934594e-314,4.9994220843724e-311,0.0,22.82,0.0
457,-20.01,13.316,0.096,0.720937218383899,0.00720937218383899,4.2439934604e-314,,0.0,22.87,0.0
458,-20.060000000000002,14.191,0.093,0.6553449369318582,0.006553449369318582,4.2439934614e-314,4.999422084372e-311,0.0,22.92,0.0
459,-20.11,15.841,0.084,0.5302695536897923,0.005302695536897923,4.2439934623e-314,,0.0,22.97,0.0
460,-20.16,16.291,0.085,0.5217604812473144,0.005217604812473145,4.2439934633e-314,4.9994220843714e-311,0.0,23.02,0.0
461,-20.21,17.191,0.092,0.5351637484730383,0.005351637484730383,4.2439934643e-314,,0.0,23.07,0.0
462,-20.26,17.566,0.093,0.5294318569964704,0.005294318569964705,4.2439934653e-314,4.9973000885804e-311,0.0,23.12,0.0
463,-20.310000000000002,16.391,0.095,0.5795863583673968,0.005795863583673968,4.2439934663e-314,,0.0,23.17,0.0
464,-20.36,15.466,0.1,0.6465795939480151,0.006465795939480151,4.2439934673e-314,4.99730008858e-311,0.0,23.22,0.0
465,-20.41,15.491,0.106,0.6842682848105351,0.006842682848105352,4.2439934683e-314,,0.0,23.27,0.0
466,-20.46,14.666,0.104,0.7091231419609982,0.007091231419609982,4.2439934693e-314,4.9973000885794e-311,0.0,23.32,0.0
467,-20.51,15.541,0.102,0.6563284215944919,0.006563284215944919,4.2439934702e-314,,0.0,23.37,0.0
468,-20.560000000000002,15.066,0.088,0.5840966414443116,0.0058409664144431165,4.243993471e-314,4.997300088579e-311,0.0,23.42,0.0
469,-20.61,15.691,0.089,0.567204129755911,0.005672041297559109,4.243993472e-314,,0.0,23.47,0.0
470,-20.66,16.391,0.087,0.5307790860838265,0.005307790860838265,4.243993473e-314,4.995178092788e-311,0.0,23.52,0.0
471,-20.71,17.116,0.083,0.48492638466931526,0.004849263846693153,4.243993474e-314,,0.0,23.57,0.0
472,-20.76,18.291,0.093,0.5084467771034935,0.005084467771034935,4.243993475e-314,4.9951780927875e-311,0.0,23.62,0.0
473,-20.810000000000002,19.166,0.095,0.4956694145883335,0.004956694145883335,4.243993476e-314,,0.0,23.67,0.0
474,-20.86,19.216,0.095,0.49437968359700246,0.004943796835970024,4.243993477e-314,4.995178092787e-311,0.0,23.72,0.0
475,-20.91,19.541,0.096,0.4912747556419835,0.004912747556419835,4.243993478e-314,,0.0,23.77,0.0
476,-20.96,20.116,0.107,0.5319148936170213,0.005319148936170213,4.243993479e-314,4.993056096996e-311,0.0,23.82,0.0
477,-21.01,20.566,0.116,0.5640377321793251,0.005640377321793251,4.24399348e-314,,0.0,23.87,0.0
478,-21.060000000000002,21.766,0.119,0.5467242488284481,0.00546724248828448,4.243993481e-314,4.9930560969955e-311,0.0,23.92,0.0
479,-21.11,22.066,0.114,0.5166319224145746,0.005166319224145745,4.243993482e-314,,0.0,23.97,0.0
480,-21.16,20.666,0.116,0.5613084293041711,0.0056130842930417115,4.243993483e-314,4.993056096995e-311,0.0,24.02,0.0
481,-21.21,20.791,0.109,0.5242653071040354,0.005242653071040354,4.243993484e-314,,0.0,24.07,0.0
482,-21.26,20.841,0.117,0.5613934072261408,0.005613934072261408,4.243993485e-314,4.9930560969945e-311,0.0,24.12,0.0
483,-21.310000000000002,21.442,0.134,0.6249417031993285,0.006249417031993285,4.243993486e-314,,0.0,24.17,0.0
484,-21.36,18.792,0.127,0.6758194976585781,0.0067581949765857805,4.243993487e-314,4.993056096994e-311,0.0,24.22,0.0
485,-21.41,19.967,0.134,0.6711073270896981,0.006711073270896981,4.243993488e-314,,0.0,24.27,0.0
486,-21.46,24.467,0.122,0.4986308088445661,0.0049863080884456614,4.243993489e-314,4.9930560969935e-311,0.0,24.32,0.0
487,-21.51,28.042,0.133,0.47428856714927614,0.004742885671492761,4.24399349e-314,,0.0,24.37,0.0
488,-21.560000000000002,27.242,0.135,0.4955583290507305,0.004955583290507305,4.243993491e-314,4.9909341012026e-311,0.0,24.42,0.0
489,-21.61,26.867,0.15,0.5583057282167714,0.005583057282167714,4.243993492e-314,,0.0,24.47,0.0
490,-21.66,28.617,0.168,0.5870636335045603,0.005870636335045603,4.243993493e-314,4.990934101202e-311,0.0,24.52,0.0
491,-21.71,26.767,0.16,0.5977509620054545,0.005977509620054545,4.243993494e-314,,0.0,24.57,0.0
492,-21.76,26.592,0.177,0.6656137184115524,0.0066561371841155235,4.243993495e-314,4.9909341012016e-311,0.0,24.62,0.0
493,-21.810000000000002,27.867,0.179,0.6423368141529406,0.006423368141529407,4.243993496e-314,,0.0,24.67,0.0
494,-21.86,25.742,0.179,0.6953616657602362,0.006953616657602362,4.243993497e-314,4.990934101201e-311,0.0,24.72,0.0
495,-21.91,27.192,0.184,0.6766696087084436,0.006766696087084436,4.243993498e-314,,0.0,24.77,0.0
496,-21.96,28.842,0.183,0.634491366756813,0.00634491366756813,4.243993499e-314,4.9909341012006e-311,0.0,24.82,0.0
497,-22.01,27.792,0.173,0.6224812895797351,0.006224812895797351,4.2439935e-314,,0.0,24.87,0.0
498,-22.060000000000002,25.667,0.187,0.7285619667277048,0.007285619667277048,4.243993501e-314,4.9909341012e-311,0.0,24.92,0.0
499,-22.11,25.342,0.189,0.7457974903322548,0.007457974903322548,4.243993502e-314,,0.0,24.97,0.0
500,-22.16,25.367,0.12,0.47305554460519567,0.004730555446051957,4.243993503e-314,4.988812105409e-311,0.0,25.02,0.0
501,-22.21,25.217,0.09,0.3569020898600151,0.003569020898600151,4.243993504e-314,,0.0,25.07,0.0
502,-22.26,26.217,0.104,0.39668917114849145,0.0039668917114849146,4.243993505e-314,4.9888121054087e-311,0.0,25.12,0.0
503,-22.310000000000002,26.717,0.094,0.35183590972040274,0.0035183590972040274,4.243993506e-314,,0.0,25.17,0.0
504,-22.36,24.217,0.099,0.4088037329148945,0.004088037329148945,4.243993507e-314,4.988812105408e-311,0.0,25.22,0.0
505,-22.41,25.567,0.119,0.4654437360660226,0.004654437360660226,4.243993508e-314,,0.0,25.27,0.0
506,-22.46,26.717,0.142,0.5314967997903955,0.005314967997903956,4.243993509e-314,4.9888121054077e-311,0.0,25.32,0.0
507,-22.51,26.367,0.153,0.5802707930367504,0.005802707930367504,4.24399351e-314,,0.0,25.37,0.0
508,-22.560000000000002,24.667,0.166,0.6729638788665018,0.006729638788665018,4.243993511e-314,4.988812105407e-311,0.0,25.42,0.0
509,-22.61,24.142,0.174,0.720735647419435,0.007207356474194349,4.2439935118e-314,,0.0,25.47,0.0
510,-22.66,23.717,0.184,0.7758148163764389,0.007758148163764389,4.2439935127e-314,4.986690109616e-311,0.0,25.52,0.0
511,-22.71,24.193,0.164,0.6778820319927252,0.006778820319927252,4.2439935137e-314,,0.0,25.57,0.0
512,-22.76,24.593,0.168,0.6831212133533933,0.006831212133533933,4.2439935147e-314,4.9866901096157e-311,0.0,25.62,0.0
513,-22.810000000000002,23.493,0.163,0.6938236921636233,0.006938236921636233,4.2439935157e-314,,0.0,25.67,0.0
514,-22.86,22.168,0.151,0.6811620353662937,0.0068116203536629375,4.2439935167e-314,4.986690109615e-311,0.0,25.72,0.0
515,-22.91,22.368,0.16,0.715307582260372,0.0071530758226037204,4.2439935177e-314,,0.0,25.77,0.0
516,-22.96,22.618,0.128,0.5659209479175877,0.005659209479175878,4.2439935187e-314,4.9866901096147e-311,0.0,25.82,0.0
517,-23.01,23.368,0.09,0.38514207463197536,0.0038514207463197538,4.2439935197e-314,,0.0,25.87,0.0
518,-23.060000000000002,21.018,0.079,0.3758683033590256,0.003758683033590256,4.2439935206e-314,4.986690109614e-311,0.0,25.92,0.0
519,-23.11,17.918,0.085,0.4743833017077799,0.0047438330170777995,4.2439935216e-314,,0.0,25.97,0.0
520,-23.16,16.143,0.075,0.46459765842780143,0.0046459765842780144,4.2439935226e-314,4.9845681138233e-311,0.0,26.02,0.0
521,-23.21,16.168,0.076,0.47006432459178626,0.0047006432459178625,4.2439935236e-314,,0.0,26.07,0.0
522,-23.26,18.268,0.076,0.41602802715130277,0.004160280271513028,4.2439935246e-314,4.984568113823e-311,0.0,26.12,0.0
523,-23.310000000000002,18.993,0.066,0.3474964460590744,0.0034749644605907445,4.2439935256e-314,,0.0,26.17,0.0
524,-23.36,17.568,0.062,0.3529143897996357,0.0035291438979963567,4.2439935266e-314,4.9845681138223e-311,0.0,26.22,0.0
525,-23.41,18.193,0.068,0.37377013136920795,0.003737701313692079,4.2439935276e-314,,0.0,26.27,0.0
526,-23.46,18.418,0.085,0.4615050494081877,0.004615050494081877,4.2439935285e-314,4.984568113822e-311,0.0,26.32,0.0
527,-23.51,17.593,0.074,0.42062183823111465,0.0042062183823111466,4.2439935295e-314,,0.0,26.37,0.0
528,-23.560000000000002,16.193,0.079,0.48786512690668804,0.00487865126906688,4.2439935305e-314,4.982446118031e-311,0.0,26.42,0.0
529,-23.61,16.518,0.091,0.5509141542559631,0.005509141542559631,4.2439935315e-314,,0.0,26.47,0.0
530,-23.66,18.568,0.091,0.4900904782421369,0.004900904782421369,4.2439935325e-314,4.9824461180303e-311,0.0,26.52,0.0
531,-23.71,21.343,0.093,0.43574005528744786,0.004357400552874479,4.2439935335e-314,,0.0,26.57,0.0
532,-23.76,24.343,0.098,0.40257979706691865,0.004025797970669187,4.2439935345e-314,4.9803241222394e-311,0.0,26.62,0.0
533,-23.810000000000002,21.868,0.109,0.4984452167550759,0.004984452167550759,4.2439935355e-314,,0.0,26.67,0.0
534,-23.86,21.043,0.117,0.5560043720001902,0.005560043720001902,4.2439935365e-314,4.980324122239e-311,0.0,26.72,0.0
535,-23.91,20.868,0.111,0.5319148936170214,0.0053191489361702135,4.2439935374e-314,,0.0,26.77,0.0
536,-23.96,19.868,0.107,0.5385544594322529,0.005385544594322529,4.2439935384e-314,4.978202126448e-311,0.0,26.82,0.0
537,-24.01,19.493,0.114,0.5848253219104295,0.005848253219104295,4.2439935394e-314,,0.0,26.87,0.0
538,-24.060000000000002,18.943,0.123,0.6493163701631208,0.006493163701631209,4.2439935404e-314,4.976080130657e-311,0.0,26.92,0.0
539,-24.11,18.993,0.119,0.6265466224398463,0.006265466224398462,4.2439935414e-314,,0.0,26.97,0.0
540,-24.16,18.819,0.119,0.6323396567299007,0.006323396567299007,4.2439935424e-314,4.973958134866e-311,0.0,27.02,0.0
541,-24.21,19.344,0.123,0.6358560794044664,0.006358560794044664,4.2439935434e-314,,0.0,27.07,0.0
542,-24.26,19.694,0.121,0.6144003249720728,0.006144003249720727,4.2439935444e-314,4.971836139075e-311,0.0,27.12,0.0
543,-24.310000000000002,20.444,0.127,0.6212091567207984,0.006212091567207983,4.2439935453e-314,,0.0,27.17,0.0
544,-24.36,19.044,0.123,0.645872715816005,0.00645872715816005,4.2439935463e-314,4.969714143284e-311,0.0,27.22,0.0
545,-24.41,17.319,0.125,0.7217506784456378,0.007217506784456378,4.2439935473e-314,,0.0,27.27,0.0
546,-24.46,16.444,0.121,0.7358306981269764,0.0073583069812697645,4.2439935483e-314,4.9697141432845e-311,0.0,27.32,0.0
547,-24.51,15.269,0.115,0.7531599973803131,0.007531599973803131,4.2439935493e-314,,0.0,27.37,0.0
548,-24.560000000000002,14.394,0.107,0.7433652910935112,0.007433652910935112,4.2439935503e-314,4.9675921474936e-311,0.0,27.42,0.0
549,-24.61,14.444,0.102,0.7061755746330656,0.0070617557463306556,4.2439935513e-314,,0.0,27.47,0.0
550,-24.66,14.694,0.1,0.6805498843065196,0.006805498843065197,4.2439935523e-314,4.967592147494e-311,0.0,27.52,0.0
551,-24.71,15.694,0.09,0.5734675672231426,0.005734675672231426,4.2439935533e-314,,0.0,27.57,0.0
552,-24.76,17.294,0.088,0.5088469989591765,0.005088469989591765,4.243993554e-314,4.965470151703e-311,0.0,27.62,0.0
553,-24.810000000000002,18.194,0.09,0.494668572056722,0.00494668572056722,4.243993555e-314,,0.0,27.67,0.0
554,-24.86,18.694,0.093,0.4974858243286616,0.004974858243286616,4.243993556e-314,4.9654701517036e-311,0.0,27.72,0.0
555,-24.91,20.569,0.098,0.4764451358840975,0.004764451358840975,4.243993557e-314,,0.0,27.77,0.0
556,-24.96,22.544,0.105,0.4657558552164655,0.004657558552164655,4.243993558e-314,4.965470151704e-311,0.0,27.82,0.0
557,-25.01,21.794,0.11,0.504726071395797,0.00504726071395797,4.243993559e-314,,0.0,27.87,0.0
558,-25.060000000000002,19.819,0.126,0.6357535698067511,0.006357535698067511,4.24399356e-314,4.963348155913e-311,1.0,27.92,0.0
559,-25.11,19.994,0.133,0.6651995598679604,0.006651995598679604,4.243993561e-314,,1.0,27.97,0.0
560,-25.16,20.469,0.116,0.5667106355952904,0.005667106355952904,4.243993562e-314,4.9633481559136e-311,1.0,28.02,0.0
561,-25.21,20.794,0.113,0.5434259882658459,0.005434259882658459,4.243993563e-314,,1.0,28.07,0.0
562,-25.26,18.744,0.096,0.5121638924455826,0.005121638924455826,4.243993564e-314,4.963348155914e-311,1.0,28.12,0.0
563,-25.310000000000002,16.569,0.129,0.7785623755205505,0.007785623755205505,4.243993565e-314,,1.0,28.17,0.0
564,-25.36,14.944,0.117,0.7829229122055674,0.007829229122055675,4.243993566e-314,4.961226160123e-311,1.0,28.22,0.0
565,-25.41,13.544,0.108,0.7974010632014176,0.007974010632014175,4.243993567e-314,,1.0,28.27,0.0
566,-25.46,12.244,0.116,0.9474028095393663,0.009474028095393662,4.243993568e-314,4.9612261601236e-311,1.0,28.32,0.0
567,-25.51,13.119,0.147,1.1205122341641893,0.011205122341641893,4.243993569e-314,,1.0,28.37,0.0
568,-25.560000000000002,12.52,0.141,1.1261980830670926,0.011261980830670926,4.24399357e-314,4.961226160124e-311,1.0,28.42,0.0
569,-25.61,12.27,0.116,0.945395273023635,0.00945395273023635,4.243993571e-314,,1.0,28.47,0.0
570,-25.66,12.245,0.079,0.6451612903225807,0.006451612903225807,4.243993572e-314,4.959104164333e-311,1.0,28.52,0.0
571,-25.71,12.47,0.072,0.5773857257417802,0.005773857257417802,4.243993573e-314,,1.0,28.57,0.0
572,-25.76,13.27,0.073,0.5501130369253956,0.005501130369253956,4.243993574e-314,4.9591041643337e-311,1.0,28.62,0.0
573,-25.810000000000002,15.27,0.076,0.49770792403405373,0.004977079240340537,4.243993575e-314,,1.0,28.67,0.0
574,-25.86,18.045,0.083,0.4599612080908839,0.004599612080908839,4.243993576e-314,4.959104164334e-311,1.0,28.72,0.0
575,-25.91,19.295,0.084,0.43534594454521897,0.0043534594454521895,4.243993577e-314,,1.0,28.77,0.0
576,-25.96,20.92,0.093,0.4445506692160611,0.004445506692160611,4.243993578e-314,4.9591041643346e-311,1.0,28.82,0.0
577,-26.01,22.22,0.099,0.4455445544554456,0.004455445544554456,4.243993579e-314,,1.0,28.87,0.0
578,-26.060000000000002,21.295,0.104,0.4883775534162948,0.004883775534162948,4.24399358e-314,4.9569821685437e-311,1.0,28.92,0.0
579,-26.11,21.17,0.117,0.55266887104393,0.0055266887104393,4.243993581e-314,,1.0,28.97,0.0
580,-26.16,20.795,0.128,0.6155325799471026,0.006155325799471026,4.243993582e-314,4.956982168544e-311,1.0,29.02,0.0
581,-26.21,23.17,0.137,0.5912818299525249,0.005912818299525249,4.243993583e-314,,1.0,29.07,0.0
582,-26.26,24.37,0.137,0.5621665982765696,0.005621665982765696,4.243993584e-314,4.9569821685447e-311,1.0,29.12,0.0
583,-26.310000000000002,23.545,0.144,0.6115948184327882,0.0061159481843278815,4.243993585e-314,,1.0,29.17,0.0
584,-26.36,22.145,0.154,0.6954165725897494,0.006954165725897494,4.243993586e-314,4.956982168545e-311,1.0,29.22,0.0
585,-26.41,20.145,0.155,0.7694216927277241,0.0076942169272772405,4.243993587e-314,,1.0,29.27,0.0
586,-26.46,19.22,0.143,0.7440166493236212,0.007440166493236212,4.243993588e-314,4.954860172754e-311,1.0,29.32,0.0
587,-26.51,19.045,0.134,0.7035967445523759,0.007035967445523759,4.243993589e-314,,1.0,29.37,0.0
588,-26.560000000000002,17.77,0.122,0.6865503657850309,0.006865503657850309,4.24399359e-314,4.9548601727547e-311,1.0,29.42,0.0
589,-26.61,16.52,0.115,0.6961259079903148,0.006961259079903148,4.243993591e-314,,1.0,29.47,0.0
590,-26.66,15.22,0.109,0.7161629434954008,0.007161629434954008,4.243993592e-314,4.954860172755e-311,1.0,29.52,0.0
591,-26.71,14.42,0.097,0.6726768377253814,0.006726768377253814,4.243993593e-314,,1.0,29.57,0.0
592,-26.76,13.77,0.088,0.6390704429920115,0.006390704429920116,4.243993594e-314,4.9548601727557e-311,1.0,29.62,0.0
593,-26.810000000000002,13.12,0.081,0.6173780487804879,0.006173780487804878,4.243993595e-314,,1.0,29.67,0.0
594,-26.86,13.145,0.076,0.5781666032712057,0.005781666032712057,4.2439935957e-314,4.954860172756e-311,1.0,29.72,0.0
595,-26.91,14.045,0.071,0.5055179779280883,0.005055179779280883,4.2439935967e-314,,1.0,29.77,0.0
596,-26.96,13.845,0.072,0.5200433369447454,0.0052004333694474535,4.2439935977e-314,4.952738176965e-311,1.0,29.82,0.0
597,-27.01,13.146,0.079,0.6009432527004411,0.006009432527004412,4.2439935987e-314,,1.0,29.87,0.0
598,-27.060000000000002,12.971,0.082,0.6321794772955054,0.006321794772955054,4.2439935997e-314,4.9527381769657e-311,1.0,29.92,0.0
599,-27.11,13.196,0.08,0.6062443164595333,0.006062443164595332,4.2439936007e-314,,1.0,29.97,0.0
600,-27.16,14.221,0.082,0.5766120525982701,0.005766120525982701,4.2439936017e-314,4.952738176966e-311,1.0,30.02,0.0
601,-27.21,16.671,0.09,0.5398596364945114,0.005398596364945114,4.2439936027e-314,,1.0,30.07,0.0
602,-27.26,17.671,0.093,0.5262860053194499,0.0052628600531944994,4.2439936036e-314,4.9527381769667e-311,1.0,30.12,0.0
603,-27.310000000000002,17.846,0.101,0.5659531547685756,0.005659531547685756,4.2439936046e-314,,1.0,30.17,0.0
604,-27.36,17.921,0.106,0.5914848501757715,0.005914848501757715,4.2439936056e-314,4.952738176967e-311,1.0,30.22,0.0
605,-27.41,16.371,0.106,0.6474864088937756,0.006474864088937756,4.2439936066e-314,,1.0,30.27,0.0
606,-27.46,15.046,0.109,0.7244450352253091,0.007244450352253091,4.2439936076e-314,4.950616181176e-311,1.0,30.32,0.0
607,-27.51,15.021,0.103,0.6857066773184208,0.006857066773184208,4.2439936086e-314,,1.0,30.37,0.0
608,-27.560000000000002,16.371,0.096,0.5864027854132308,0.005864027854132307,4.2439936096e-314,4.9506161811767e-311,2.0,30.42,0.0
609,-27.61,17.071,0.096,0.5623572139886356,0.005623572139886356,4.2439936106e-314,,2.0,30.47,0.0
610,-27.66,16.246,0.1,0.6155361319709468,0.006155361319709468,4.2439936116e-314,4.950616181177e-311,2.0,30.52,0.0
611,-27.71,16.921,0.109,0.6441699663140477,0.006441699663140477,4.2439936125e-314,,2.0,30.57,0.0
612,-27.76,17.146,0.109,0.6357167852560364,0.006357167852560364,4.2439936135e-314,4.9506161811777e-311,2.0,30.62,0.0
613,-27.810000000000002,18.171,0.111,0.6108634637609378,0.0061086346376093776,4.2439936145e-314,,2.0,30.67,0.0
614,-27.86,20.721,0.126,0.6080787606775735,0.0060807876067757345,4.2439936155e-314,4.950616181178e-311,2.0,30.72,0.0
615,-27.91,21.671,0.134,0.618337870887361,0.006183378708873611,4.2439936165e-314,,2.0,30.77,0.0
616,-27.96,19.046,0.195,1.0238370261472225,0.010238370261472226,4.2439936175e-314,4.9506161811787e-311,2.0,30.82,0.0
617,-28.01,18.046,0.193,1.069489083453397,0.01069489083453397,4.2439936185e-314,,2.0,30.87,0.0
618,-28.060000000000002,18.446,0.18,0.9758213162745311,0.00975821316274531,4.2439936195e-314,4.9484941853877e-311,2.0,30.92,0.0
619,-28.11,14.471,0.135,0.9329002833252713,0.009329002833252713,4.2439936204e-314,,2.0,30.97,0.0
620,-28.16,16.346,0.178,1.0889514254251804,0.010889514254251805,4.2439936214e-314,4.948494185388e-311,2.0,31.02,0.0
621,-28.21,16.696,0.198,1.185912793483469,0.011859127934834691,4.2439936224e-314,,2.0,31.07,0.0
622,-28.26,18.046,0.194,1.0750304776681814,0.010750304776681813,4.2439936234e-314,4.9484941853887e-311,2.0,31.12,0.0
623,-28.310000000000002,21.796,0.186,0.8533675903835567,0.008533675903835566,4.2439936244e-314,,2.0,31.17,0.0
624,-28.36,21.671,0.161,0.7429283374094413,0.007429283374094413,4.2439936254e-314,4.948494185389e-311,2.0,31.22,0.0
625,-28.41,19.022,0.137,0.7202186941436233,0.007202186941436233,4.2439936264e-314,,2.0,31.27,0.0
626,-28.46,17.522,0.136,0.7761671042118481,0.007761671042118481,4.2439936274e-314,4.9484941853897e-311,2.0,31.32,0.0
627,-28.51,15.797,0.184,1.1647781224283091,0.011647781224283092,4.2439936284e-314,,2.0,31.37,0.0
628,-28.560000000000002,17.072,0.226,1.323805060918463,0.013238050609184631,4.2439936293e-314,4.9463721895987e-311,2.0,31.42,0.0
629,-28.61,18.097,0.194,1.0720008841244406,0.010720008841244405,4.2439936303e-314,,2.0,31.47,0.0
630,-28.66,18.147,0.156,0.8596462225161184,0.008596462225161184,4.2439936313e-314,4.946372189599e-311,2.0,31.52,0.0
631,-28.71,18.147,0.135,0.7439246156389487,0.007439246156389487,4.2439936323e-314,,2.0,31.57,0.0
632,-28.76,18.572,0.13,0.6999784622011631,0.006999784622011631,4.2439936333e-314,4.9463721895997e-311,2.0,31.62,0.0
633,-28.810000000000002,16.122,0.101,0.6264731422900385,0.006264731422900385,4.2439936343e-314,,2.0,31.67,0.0
634,-28.86,16.522,0.124,0.7505144655610702,0.007505144655610701,4.2439936353e-314,4.9463721896e-311,2.0,31.72,0.0
635,-28.91,17.847,0.154,0.8628901215890624,0.008628901215890624,4.2439936363e-314,,2.0,31.77,0.0
636,-28.96,17.797,0.136,0.7641737371467102,0.007641737371467102,4.243993637e-314,4.9463721896007e-311,2.0,31.82,0.0
637,-29.01,19.847,0.124,0.6247795636620144,0.006247795636620143,4.243993638e-314,,2.0,31.87,0.0
638,-29.060000000000002,20.997,0.123,0.5857979711387341,0.005857979711387341,4.243993639e-314,4.9442501938097e-311,2.0,31.92,0.0
639,-29.11,22.622,0.139,0.6144461144019098,0.006144461144019097,4.24399364e-314,,2.0,31.97,0.0
640,-29.160000000000004,25.322,0.161,0.6358107574441197,0.006358107574441198,4.243993641e-314,4.94425019381e-311,2.0,32.02,0.0
641,-29.21,28.522,0.195,0.683682771194166,0.0068368277119416595,4.243993642e-314,,2.0,32.07,0.0
642,-29.259999999999998,25.222,0.157,0.6224724446911426,0.006224724446911426,4.243993643e-314,4.9442501938107e-311,2.0,32.12,0.0
643,-29.310000000000002,17.922,0.144,0.8034817542684968,0.008034817542684968,4.243993644e-314,,2.0,32.17,0.0
644,-29.36,14.222,0.174,1.223456616509633,0.01223456616509633,4.243993645e-314,4.944250193811e-311,2.0,32.22,0.0
645,-29.410000000000004,13.597,0.203,1.4929763918511438,0.014929763918511437,4.243993646e-314,,2.0,32.27,0.0
646,-29.46,15.222,0.252,1.6554986204178164,0.016554986204178165,4.243993647e-314,4.9442501938117e-311,2.0,32.32,0.0
647,-29.509999999999998,18.447,0.243,1.3172873637989917,0.013172873637989918,4.243993648e-314,,2.0,32.37,0.0
648,-29.560000000000002,19.997,0.168,0.8401260189028354,0.008401260189028354,4.243993649e-314,4.942128198021e-311,2.0,32.42,0.0
649,-29.61,20.397,0.136,0.6667647203020053,0.006667647203020053,4.24399365e-314,,2.0,32.47,0.0
650,-29.660000000000004,20.472,0.141,0.6887456037514653,0.006887456037514653,4.243993651e-314,4.9421281980213e-311,3.0,32.52,0.0
651,-29.71,19.197,0.161,0.8386727092774913,0.008386727092774913,4.243993652e-314,,3.0,32.57,0.0
652,-29.759999999999998,15.672,0.187,1.1932108218478814,0.011932108218478815,4.243993653e-314,4.9421281980217e-311,3.0,32.62,0.0
653,-29.810000000000002,12.072,0.272,2.2531477799867465,0.022531477799867465,4.243993654e-314,,3.0,32.67,0.0
654,-29.86,19.273,0.315,1.6344108338089556,0.016344108338089556,4.243993655e-314,4.942128198022e-311,3.0,32.72,0.0
655,-29.910000000000004,20.198,0.24,1.1882364590553518,0.011882364590553519,4.243993656e-314,,3.0,32.77,0.0
656,-29.96,16.973,0.215,1.2667177281564839,0.012667177281564839,4.243993657e-314,4.9421281980227e-311,3.0,32.82,0.0
657,-30.009999999999998,16.573,0.233,1.4059011645447417,0.014059011645447416,4.243993658e-314,,3.0,32.87,0.0
658,-30.060000000000002,17.548,0.277,1.578527467517666,0.01578527467517666,4.243993659e-314,4.942128198023e-311,3.0,32.92,0.0
659,-30.11,14.598,0.227,1.5550075352788053,0.015550075352788052,4.24399366e-314,,3.0,32.97,0.0
660,-30.160000000000004,10.573,0.194,1.834862385321101,0.01834862385321101,4.243993661e-314,4.9421281980237e-311,3.0,33.02,0.0
661,-30.21,9.348,0.208,2.22507488232777,0.022250748823277704,4.243993662e-314,,3.0,33.07,0.0
662,-30.259999999999998,8.623,0.181,2.0990374579612667,0.020990374579612666,4.243993663e-314,4.940006202233e-311,3.0,33.12,0.0
663,-30.310000000000002,6.698,0.159,2.3738429381905046,0.023738429381905044,4.243993664e-314,,3.0,33.17,0.0
664,-30.36,7.623,0.13,1.705365341728978,0.01705365341728978,4.243993665e-314,4.9400062022333e-311,3.0,33.22,0.0
665,-30.410000000000004,8.773,0.098,1.1170637182263765,0.011170637182263765,4.243993666e-314,,3.0,33.27,0.0
666,-30.46,8.548,0.114,1.3336452971455313,0.013336452971455312,4.243993667e-314,4.9400062022337e-311,3.0,33.32,0.0
667,-30.509999999999998,9.748,0.152,1.5592942141977844,0.015592942141977843,4.243993668e-314,,3.0,33.37,0.0
668,-30.560000000000002,12.373,0.2,1.6164228562191871,0.016164228562191872,4.243993669e-314,4.940006202234e-311,3.0,33.42,0.0
669,-30.61,13.548,0.163,1.2031296132270446,0.012031296132270447,4.24399367e-314,,3.0,33.47,0.0
670,-30.660000000000004,10.873,0.096,0.8829209969649591,0.00882920996964959,4.243993671e-314,4.9400062022347e-311,3.0,33.52,0.0
671,-30.71,7.198,0.123,1.7088080022228396,0.017088080022228395,4.243993672e-314,3.53503278817587e-310,3.0,33.57,0.0
672,-30.759999999999998,6.898,0.16,2.319512902290519,0.02319512902290519,4.243993673e-314,4.9421281980257e-311,3.0,33.62,0.0
673,-30.799999999999997,5.448,0.171,3.138766519823789,0.03138766519823789,4.243993674e-314,6.02986323961957e-310,3.0,33.66,0.0
674,-30.85,4.098,0.121,2.952659834065398,0.02952659834065398,4.243993675e-314,4.9442501938167e-311,3.0,33.71,0.0
675,-30.9,3.898,0.088,2.2575679835813234,0.022575679835813236,4.243993676e-314,5.6496015938786e-310,3.0,33.76,0.0
676,-30.950000000000003,3.523,0.057,1.61793925631564,0.0161793925631564,4.243993677e-314,4.9463721896076e-311,3.0,33.81,0.0
677,-31.0,4.273,0.057,1.333957406974023,0.01333957406974023,4.243993678e-314,5.2693399481376e-310,3.0,33.86,0.0
678,-31.049999999999997,5.723,0.066,1.1532413070068148,0.011532413070068148,4.2439936787e-314,4.9484941853986e-311,3.0,33.91,0.0
679,-31.1,6.048,0.077,1.2731481481481481,0.01273148148148148,4.2439936797e-314,4.88907830239664e-310,3.0,33.96,0.0
680,-31.15,5.173,0.12,2.3197370964624007,0.023197370964624008,4.2439936807e-314,4.9506161811896e-311,3.0,34.01,0.0
681,-31.200000000000003,4.723,0.122,2.583103959347872,0.02583103959347872,4.2439936817e-314,4.50881665665566e-310,3.0,34.06,0.0
682,-31.25,5.349,0.128,2.3929706487193867,0.023929706487193867,4.2439936827e-314,4.9527381769805e-311,3.0,34.11,0.0
683,-31.299999999999997,5.949,0.124,2.0843839300722813,0.02084383930072281,4.2439936837e-314,2.40167483622146e-310,3.0,34.16,0.0
684,-31.35,6.049,0.115,1.9011406844106464,0.019011406844106463,4.2439936847e-314,4.95273817698e-311,4.0,34.21,0.0
685,-31.4,6.799,0.123,1.8090895719958817,0.018090895719958817,4.2439936857e-314,,4.0,34.26,0.0
686,-31.450000000000003,6.149,0.153,2.488209464953651,0.02488209464953651,4.2439936867e-314,4.9527381769795e-311,4.0,34.31,0.0
687,-31.5,4.874,0.148,3.0365203118588426,0.030365203118588428,4.2439936876e-314,,4.0,34.36,0.0
688,-31.549999999999997,4.499,0.123,2.7339408757501666,0.027339408757501668,4.2439936886e-314,4.952738176979e-311,4.0,34.41,0.0
689,-31.6,4.049,0.107,2.642627809335638,0.026426278093356383,4.2439936896e-314,,4.0,34.46,0.0
690,-31.65,5.324,0.094,1.7655897821187077,0.017655897821187077,4.2439936906e-314,4.950616181188e-311,4.0,34.51,0.0
691,-31.700000000000003,5.399,0.13,2.4078533061678087,0.02407853306167809,4.2439936916e-314,,4.0,34.56,0.0
692,-31.75,5.224,0.123,2.3545176110260337,0.023545176110260337,4.2439936926e-314,4.9506161811876e-311,4.0,34.61,0.0
693,-31.799999999999997,4.299,0.126,2.930914166085136,0.02930914166085136,4.2439936936e-314,,4.0,34.66,0.0
694,-31.85,3.424,0.095,2.774532710280374,0.027745327102803738,4.2439936946e-314,4.950616181187e-311,4.0,34.71,0.0
695,-31.9,3.899,0.091,2.333931777378815,0.02333931777378815,4.2439936955e-314,,4.0,34.76,0.0
696,-31.950000000000003,5.824,0.069,1.1847527472527475,0.011847527472527474,4.2439936965e-314,4.9506161811866e-311,4.0,34.81,0.0
697,-32.0,5.249,0.092,1.7527148028195847,0.017527148028195848,4.2439936975e-314,,4.0,34.86,0.0
698,-32.05,4.899,0.126,2.5719534598897735,0.025719534598897736,4.2439936985e-314,4.950616181186e-311,4.0,34.91,0.0
699,-32.1,4.799,0.142,2.958949781204417,0.02958949781204417,4.2439936995e-314,,4.0,34.96,0.0
700,-32.15,5.699,0.143,2.509212142481137,0.02509212142481137,4.2439937005e-314,4.9506161811856e-311,4.0,35.01,0.0
701,-32.2,9.024,0.158,1.750886524822695,0.01750886524822695,4.2439937015e-314,,4.0,35.06,0.0
702,-32.25,8.049,0.181,2.2487265498819733,0.02248726549881973,4.2439937025e-314,4.950616181185e-311,4.0,35.11,0.0
703,-32.3,5.399,0.206,3.815521392850528,0.03815521392850528,4.2439937034e-314,,4.0,35.16,0.0
704,-32.35,4.249,0.19,4.471640385973171,0.044716403859731704,4.2439937044e-314,4.948494185394e-311,4.0,35.21,0.0
705,-32.4,4.424,0.152,3.435804701627486,0.03435804701627486,4.2439937054e-314,,4.0,35.26,0.0
706,-32.45,3.749,0.118,3.147506001600427,0.031475060016004267,4.2439937064e-314,4.9484941853937e-311,4.0,35.31,0.0
707,-32.5,3.299,0.108,3.2737193088814793,0.032737193088814794,4.2439937074e-314,,4.0,35.36,0.0
708,-32.55,3.124,0.103,3.297055057618438,0.03297055057618438,4.2439937084e-314,4.948494185393e-311,4.0,35.41,0.0
709,-32.6,3.349,0.08,2.388772767990445,0.02388772767990445,4.2439937094e-314,,4.0,35.46,0.0
710,-32.65,3.1,0.079,2.5483870967741935,0.025483870967741934,4.2439937104e-314,4.9484941853927e-311,4.0,35.51,0.0
