,z,qc,fs,u2
133830,0.00,0.000,,
133831,0.02,0.043,,0.6
133832,0.04,0.107,,0.6
133833,0.06,0.171,3.324,0.6
133834,0.08,0.235,4.281,0.6
133835,0.10,0.331,5.222,0.6
133836,0.12,0.405,5.145,0.6
133837,0.14,0.516,5.698,0.8
133838,0.16,0.638,5.844,1.1
133839,0.18,0.702,5.990,1.4
133840,0.20,0.902,6.671,1.3
133841,0.22,1.221,7.138,1.0
133842,0.24,1.493,7.431,1.4
133843,0.26,1.707,7.320,1.6
133844,0.28,1.921,7.079,1.7
133845,0.30,2.228,6.861,1.9
133846,0.32,2.578,6.479,2.1
133847,0.34,2.812,6.741,2.2
133848,0.36,3.016,7.129,2.1
133849,0.38,3.220,7.753,2.6
133850,0.40,3.348,8.471,3.3
133851,0.42,3.415,9.152,4.1
133852,0.44,3.484,10.245,4.6
133853,0.46,3.731,11.722,4.8
133854,0.48,4.123,12.816,4.5
133855,0.50,4.577,14.185,3.8
133856,0.52,4.936,15.439,3.7
133857,0.54,5.155,15.748,4.0
133858,0.56,5.373,16.595,4.1
133859,0.58,5.648,17.581,4.7
133860,0.60,5.918,18.965,5.2
133861,0.62,6.159,20.896,5.8
133862,0.64,6.530,23.340,5.8
133863,0.66,7.029,26.079,5.7
133864,0.68,7.355,28.395,5.6
133865,0.70,7.644,30.563,5.8
133866,0.72,7.862,32.615,6.3
133867,0.74,8.129,35.241,6.6
133868,0.76,8.612,38.052,6.7
133869,0.78,9.314,41.040,7.2
133870,0.80,9.899,43.509,7.4
133871,0.82,10.358,45.087,7.7
133872,0.84,10.654,45.671,8.0
133873,0.86,10.867,46.308,8.3
133874,0.88,11.274,46.935,8.4
133875,0.90,11.929,48.458,8.1
133876,0.92,12.605,51.560,7.9
133877,0.94,13.242,54.924,7.2
133878,0.96,13.843,59.149,7.2
133879,0.98,14.455,62.081,8.9
133880,1.00,15.003,64.109,9.1
133881,1.02,15.340,65.424,9.7
133882,1.04,15.595,67.275,9.9
133883,1.06,15.846,70.216,10.0
133884,1.08,16.109,74.023,10.1
133885,1.10,16.439,77.876,10.1
133886,1.12,16.624,80.462,9.6
133887,1.14,16.350,81.536,10.1
133888,1.16,15.853,81.048,11.1
133889,1.18,15.560,77.888,11.6
133890,1.20,15.449,74.046,12.1
133891,1.22,15.534,71.553,12.3
133892,1.24,15.798,70.157,12.5
133893,1.26,16.136,70.641,12.5
133894,1.28,16.707,72.841,12.2
133895,1.30,17.362,72.575,12.4
133896,1.32,17.979,79.509,12.5
133897,1.34,18.504,85.880,12.8
133898,1.36,19.003,91.620,13.0
133899,1.38,19.369,98.084,12.9
133900,1.40,19.693,103.436,13.5
133901,1.42,19.880,106.868,13.7
133902,1.44,19.897,110.295,14.0
133903,1.46,19.783,112.046,14.6
133904,1.48,19.701,112.733,14.6
133905,1.50,19.731,113.206,15.0
133906,1.52,19.850,113.699,14.8
133907,1.54,20.034,114.118,15.1
133908,1.56,20.172,114.188,15.1
133909,1.58,20.214,113.367,15.0
133910,1.60,20.224,112.434,15.4
133911,1.62,20.265,112.450,15.8
133912,1.64,20.399,111.002,16.7
133913,1.66,20.633,114.715,16.5
133914,1.68,20.846,116.299,17.1
133915,1.70,21.003,116.992,16.7
133916,1.72,21.040,117.429,17.2
133917,1.74,21.012,117.304,17.5
133918,1.76,20.993,116.945,17.4
133919,1.78,21.044,117.141,18.0
133920,1.80,21.154,117.476,18.6
133921,1.82,21.372,117.958,18.4
133922,1.84,21.664,119.515,17.0
133923,1.86,21.920,120.803,18.2
133924,1.88,22.031,121.145,18.3
133925,1.90,22.009,120.781,18.2
133926,1.92,21.970,120.174,19.6
133927,1.94,21.911,121.239,19.6
133928,1.96,21.912,122.404,20.5
133929,1.98,21.999,124.660,20.7
133930,2.00,22.063,127.584,21.7
133931,2.02,22.061,129.899,21.0
133932,2.04,21.944,129.405,20.1
133933,2.06,21.704,130.580,21.9
133934,2.08,21.439,129.939,21.8
133935,2.10,21.206,127.697,21.9
133936,2.12,21.038,124.270,22.1
133937,2.14,20.859,120.547,22.8
133938,2.16,20.830,117.833,24.0
133939,2.18,20.894,117.608,23.8
133940,2.20,21.093,117.333,24.0
133941,2.22,21.400,117.116,24.5
133942,2.24,21.740,117.047,24.5
133943,2.26,21.973,117.154,24.7
133944,2.28,22.129,117.663,25.5
133945,2.30,22.317,119.254,25.3
133946,2.32,22.615,122.586,25.6
133947,2.34,22.869,126.535,25.7
133948,2.36,23.087,129.177,26.1
133949,2.38,23.344,131.722,26.4
133950,2.40,23.552,136.199,27.1
133951,2.42,23.530,140.282,26.9
133952,2.44,23.464,141.738,26.8
133953,2.46,23.478,142.018,26.3
133954,2.48,23.364,141.579,26.7
133955,2.50,23.114,139.346,27.6
133956,2.52,22.856,133.871,28.2
133957,2.54,22.620,128.475,29.7
133958,2.56,22.421,124.690,30.2
133959,2.58,22.397,122.423,28.7
133960,2.60,22.500,120.722,29.2
133961,2.62,22.560,119.732,29.3
133962,2.64,22.326,120.509,29.8
133963,2.66,21.844,122.336,30.3
133964,2.68,21.462,122.341,31.4
133965,2.70,21.393,120.910,32.4
133966,2.72,21.486,120.768,33.0
133967,2.74,21.523,123.982,33.3
133968,2.76,21.573,128.697,32.6
133969,2.78,21.650,130.781,32.8
133970,2.80,21.541,132.900,32.2
133971,2.82,21.216,135.740,32.7
133972,2.84,20.772,137.336,33.8
133973,2.86,20.279,136.629,33.5
133974,2.88,19.848,134.190,34.4
133975,2.90,19.463,132.242,34.7
133976,2.92,19.058,130.245,34.6
133977,2.94,18.699,128.480,34.6
133978,2.96,18.476,126.658,34.8
133979,2.98,18.446,124.931,35.4
133980,3.00,18.440,124.094,34.6
133981,3.02,18.290,124.335,34.8
133982,3.04,18.031,123.151,35.5
133983,3.06,17.842,120.414,36.3
133984,3.08,17.768,117.052,36.8
133985,3.10,17.730,113.972,36.8
133986,3.12,17.698,113.165,35.9
133987,3.14,17.746,111.357,36.7
133988,3.16,17.833,111.484,36.5
133989,3.18,17.999,112.280,36.1
133990,3.20,18.229,113.866,36.5
133991,3.22,18.425,115.266,37.2
133992,3.24,18.567,115.327,38.0
133993,3.26,18.564,113.965,38.9
133994,3.28,18.503,113.112,39.3
133995,3.30,18.366,112.386,40.3
133996,3.32,18.388,111.938,39.8
133997,3.34,18.492,113.118,40.3
133998,3.36,18.514,115.243,40.9
133999,3.38,18.483,116.161,41.1
134000,3.40,18.431,116.611,41.1
134001,3.42,18.315,115.204,41.8
134002,3.44,18.175,111.806,42.0
134003,3.46,18.006,109.091,42.6
134004,3.48,17.778,108.158,42.7
134005,3.50,17.630,109.019,42.8
134006,3.52,17.667,109.054,42.8
134007,3.54,17.812,110.954,42.8
134008,3.56,17.795,112.723,43.2
134009,3.58,17.587,112.977,43.0
134010,3.60,17.286,111.483,43.7
134011,3.62,16.927,109.955,43.7
134012,3.64,16.656,108.529,44.5
134013,3.66,16.334,108.357,44.9
134014,3.68,16.035,109.441,44.8
134015,3.70,15.691,110.388,45.5
134016,3.72,15.292,110.093,46.1
134017,3.74,14.895,107.439,46.9
134018,3.76,14.598,105.715,46.4
134019,3.78,14.304,105.158,47.1
134020,3.80,14.061,104.806,47.2
134021,3.82,13.972,104.585,47.0
134022,3.84,13.680,102.739,47.4
134023,3.86,13.010,100.794,47.8
134024,3.88,12.261,96.792,43.1
134025,3.90,11.372,92.523,43.5
134026,3.92,10.482,88.985,48.6
134027,3.94,9.614,86.472,49.5
134028,3.96,8.891,83.457,50.8
134029,3.98,8.276,80.386,51.7
134030,4.00,7.793,77.748,52.5
134031,4.02,7.390,75.067,52.9
134032,4.04,7.099,71.913,52.3
134033,4.06,6.950,68.053,48.0
134034,4.08,6.799,64.451,43.3
134035,4.10,6.652,60.926,36.9
134036,4.12,6.510,56.807,32.9
134037,4.14,6.316,54.952,35.4
134038,4.16,6.132,54.702,44.4
134039,4.18,5.923,55.429,43.6
134040,4.20,5.733,55.362,42.7
134041,4.22,5.614,53.357,45.6
134042,4.24,5.568,52.083,46.4
134043,4.26,5.596,52.834,49.8
134044,4.28,5.645,54.328,48.9
134045,4.30,5.769,56.325,38.6
134046,4.32,5.883,57.986,40.9
134047,4.34,5.949,59.767,50.7
134048,4.36,6.002,61.693,52.3
134049,4.38,6.041,63.709,53.9
134050,4.40,6.140,64.859,52.1
134051,4.42,6.350,66.026,47.9
134052,4.44,6.467,65.976,42.6
134053,4.46,6.443,63.846,42.0
134054,4.48,6.396,61.240,48.1
134055,4.50,6.502,60.867,50.4
134056,4.52,6.787,58.995,45.8
134057,4.54,7.337,59.256,32.4
134058,4.56,8.101,60.687,5.9
134059,4.58,8.612,61.302,-18.0
134060,4.60,8.801,61.655,-41.7
134061,4.62,8.825,60.200,-31.0
134062,4.64,8.828,59.156,8.1
134063,4.66,9.034,59.388,18.6
134064,4.68,9.479,60.981,18.2
134065,4.70,10.237,63.968,49.1
134066,4.72,11.275,67.403,54.9
134067,4.74,12.260,70.534,55.0
134068,4.76,13.013,73.668,52.6
134069,4.78,13.609,77.075,54.3
134070,4.80,14.117,81.252,54.3
134071,4.82,14.526,85.854,53.6
134072,4.84,14.826,90.784,51.2
134073,4.86,14.990,94.804,50.1
134074,4.88,15.127,98.403,50.0
134075,4.90,15.220,102.631,51.3
134076,4.92,15.284,105.660,55.0
134077,4.94,15.255,106.229,56.6
134078,4.96,15.075,103.637,57.3
134079,4.98,14.787,97.480,57.7
134080,5.00,14.588,96.386,58.4
134081,5.02,14.483,96.239,58.7
134082,5.04,14.371,97.096,58.2
134083,5.06,14.305,98.493,53.2
134084,5.08,14.258,98.103,50.0
134085,5.10,14.210,95.162,47.3
134086,5.12,14.069,94.175,48.2
134087,5.14,13.855,94.630,48.6
134088,5.16,13.665,94.476,49.8
134089,5.18,13.614,93.429,50.8
134090,5.20,13.624,93.239,50.3
134091,5.22,13.600,93.568,51.8
134092,5.24,13.559,93.169,53.5
134093,5.26,13.559,92.716,53.7
134094,5.28,13.611,91.334,54.8
134095,5.30,13.555,89.940,56.6
134096,5.32,13.429,89.390,56.5
134097,5.34,13.319,89.393,57.4
134098,5.36,13.294,89.915,58.0
134099,5.38,13.509,88.756,58.1
134100,5.40,13.940,86.046,57.3
134101,5.42,14.226,83.356,56.0
134102,5.44,14.409,83.812,52.4
134103,5.46,14.594,85.964,45.9
134104,5.48,14.829,88.443,44.6
134105,5.50,15.012,90.832,47.5
134106,5.52,15.070,92.581,48.9
134107,5.54,14.953,92.436,50.8
134108,5.56,14.754,90.789,52.8
134109,5.58,14.556,88.204,57.7
134110,5.60,14.457,85.286,61.9
134111,5.62,14.514,81.294,62.8
134112,5.64,14.695,78.415,63.7
134113,5.66,14.979,77.908,64.1
134114,5.68,15.378,81.003,64.5
134115,5.70,15.805,86.282,64.6
134116,5.72,16.180,88.556,64.6
134117,5.74,16.482,95.364,64.6
134118,5.76,16.700,98.320,64.5
134119,5.78,16.790,99.825,64.7
134120,5.80,16.717,100.699,65.2
134121,5.82,16.573,99.650,65.5
134122,5.84,16.519,96.710,66.0
134123,5.86,16.473,93.803,66.3
134124,5.88,16.406,92.143,66.7
134125,5.90,16.333,93.285,66.8
134126,5.92,16.282,96.604,67.0
134127,5.94,16.357,98.815,66.5
134128,5.96,16.484,100.718,66.4
134129,5.98,16.472,101.997,66.4
134130,6.00,16.273,101.905,66.9
134131,6.02,16.043,100.924,67.5
134132,6.04,15.897,99.958,68.0
134133,6.06,15.836,98.013,68.5
134134,6.08,15.868,95.928,69.2
134135,6.10,15.866,94.292,69.5
134136,6.12,15.757,93.467,69.3
134137,6.14,15.652,92.638,69.4
134138,6.16,15.639,92.171,69.2
134139,6.18,15.697,92.554,69.1
134140,6.20,15.819,94.245,69.4
134141,6.22,15.952,96.161,69.6
134142,6.24,16.093,97.844,70.0
134143,6.26,16.097,99.057,70.5
134144,6.28,15.869,99.878,71.0
134145,6.30,15.528,99.023,71.4
134146,6.32,15.233,97.251,71.6
134147,6.34,14.941,95.507,71.4
134148,6.36,14.734,94.069,71.8
134149,6.38,14.627,93.357,71.9
134150,6.40,14.551,92.540,72.0
134151,6.42,14.453,90.847,72.4
134152,6.44,14.357,88.089,72.7
134153,6.46,14.324,84.467,72.9
134154,6.48,14.338,85.129,72.9
134155,6.50,14.414,85.588,73.4
134156,6.52,14.447,84.926,73.2
134157,6.54,14.447,84.264,73.5
134158,6.56,14.390,84.289,73.5
134159,6.58,14.348,85.297,73.9
134160,6.60,14.350,86.181,74.3
134161,6.62,14.365,88.053,74.4
134162,6.64,14.351,90.004,74.5
134163,6.66,14.339,91.481,74.7
134164,6.68,14.313,92.089,75.4
134165,6.70,14.278,91.657,75.7
134166,6.72,14.268,90.656,75.9
134167,6.74,14.261,89.031,76.3
134168,6.76,14.344,87.282,76.4
134169,6.78,14.480,84.995,76.3
134170,6.80,14.628,83.768,76.3
134171,6.82,14.722,82.743,76.5
134172,6.84,14.805,82.870,76.5
134173,6.86,14.840,84.682,76.6
134174,6.88,14.889,86.227,76.7
134175,6.90,15.033,88.023,76.6
134176,6.92,15.164,89.490,75.2
134177,6.94,15.228,90.673,76.9
134178,6.96,15.208,91.165,77.8
134179,6.98,15.297,89.989,77.7
134180,7.00,15.437,88.860,78.3
134181,7.02,15.684,88.010,78.7
134182,7.04,15.952,88.134,78.7
134183,7.06,16.301,88.293,79.2
134184,7.08,16.575,88.992,79.1
134185,7.10,16.785,89.668,79.1
134186,7.12,16.986,91.531,78.8
134187,7.14,17.145,94.233,79.0
134188,7.16,17.217,96.979,79.2
134189,7.18,17.236,99.676,78.9
134190,7.20,17.224,99.957,78.5
134191,7.22,17.184,101.109,79.6
134192,7.24,17.186,101.215,80.6
134193,7.26,17.193,100.896,80.6
134194,7.28,17.250,100.214,81.1
134195,7.30,17.314,99.316,81.4
134196,7.32,17.380,98.556,81.9
134197,7.34,17.451,97.648,81.9
134198,7.36,17.522,96.927,82.1
134199,7.38,17.611,96.400,82.2
134200,7.40,17.792,96.185,82.5
134201,7.42,18.039,98.051,82.7
134202,7.44,18.297,99.535,82.8
134203,7.46,18.528,100.795,83.0
134204,7.48,18.711,100.446,83.9
134205,7.50,18.842,100.135,83.8
134206,7.52,18.927,99.227,83.6
134207,7.54,19.092,99.060,83.8
134208,7.56,19.337,100.045,83.9
134209,7.58,19.604,103.134,84.5
134210,7.60,19.728,106.640,83.9
134211,7.62,19.639,108.078,83.8
134212,7.64,19.387,108.715,84.5
134213,7.66,19.119,108.714,84.6
134214,7.68,18.953,108.905,84.7
134215,7.70,18.929,107.382,85.0
134216,7.72,19.035,102.646,85.2
134217,7.74,19.192,99.080,85.6
134218,7.76,19.337,97.197,86.6
134219,7.78,19.592,96.776,87.1
134220,7.80,19.891,98.588,86.9
134221,7.82,20.175,102.107,86.4
134222,7.84,20.232,103.848,86.6
134223,7.86,20.230,102.911,86.1
134224,7.88,20.210,102.300,86.0
134225,7.90,20.226,103.401,87.3
134226,7.92,20.468,103.973,87.8
134227,7.94,20.895,106.570,88.0
134228,7.96,21.242,109.823,88.3
134229,7.98,21.240,112.551,88.4
134230,8.00,21.001,114.010,88.5
134231,8.02,20.709,116.045,87.7
134232,8.04,20.557,116.032,88.9
134233,8.06,20.427,113.439,88.8
134234,8.08,20.324,110.700,88.7
134235,8.10,20.083,107.829,89.0
134236,8.12,19.991,104.667,89.7
134237,8.14,19.949,103.267,89.6
134238,8.16,19.904,102.905,90.3
134239,8.18,19.872,102.683,90.4
134240,8.20,19.932,105.270,89.2
134241,8.22,19.896,111.411,90.7
134242,8.24,19.766,108.841,90.6
134243,8.26,19.629,105.994,90.4
134244,8.28,19.386,105.333,92.4
134245,8.30,19.084,106.763,92.2
134246,8.32,18.838,108.506,92.8
134247,8.34,18.765,108.730,92.3
134248,8.36,18.630,107.667,92.4
134249,8.38,18.474,106.400,92.5
134250,8.40,18.418,106.394,92.8
134251,8.42,18.122,107.849,94.9
134252,8.44,17.990,109.261,94.3
134253,8.46,17.830,110.279,94.4
134254,8.48,17.573,111.758,94.2
134255,8.50,17.350,109.550,92.9
134256,8.52,17.131,104.862,93.7
134257,8.54,16.905,100.962,95.9
134258,8.56,16.826,100.814,95.8
134259,8.58,17.072,100.244,95.8
134260,8.60,17.520,100.972,96.1
134261,8.62,17.535,104.790,95.7
134262,8.64,17.193,109.002,91.3
134263,8.66,16.657,108.764,87.3
134264,8.68,16.036,115.222,87.5
134265,8.70,15.405,115.957,95.9
134266,8.72,14.828,111.435,97.0
134267,8.74,14.356,108.278,97.9
134268,8.76,14.293,102.985,98.8
134269,8.78,14.621,98.461,99.4
134270,8.80,15.101,96.669,99.1
134271,8.82,15.541,98.105,87.3
134272,8.84,15.679,101.648,62.3
134273,8.86,15.698,105.897,36.0
134274,8.88,15.545,110.725,56.0
134275,8.90,15.390,112.208,91.8
134276,8.92,15.300,112.320,93.8
134277,8.94,15.174,112.531,93.7
134278,8.96,14.894,121.197,95.5
134279,8.98,14.845,121.374,89.1
134280,9.00,15.176,118.528,74.0
134281,9.02,15.979,115.970,88.1
134282,9.04,17.041,116.898,110.5
134283,9.06,17.951,116.438,-21.0
134284,9.08,17.925,111.816,-155.0
134285,9.10,18.030,102.132,-144.6
134286,9.12,18.133,95.306,-49.6
134287,9.14,18.229,93.420,71.9
134288,9.16,18.364,91.542,95.3
134289,9.18,18.558,92.710,101.3
134290,9.20,18.816,95.755,102.2
134291,9.22,19.215,98.543,102.0
134292,9.24,19.611,103.374,102.8
134293,9.26,19.939,107.647,103.5
134294,9.28,20.205,108.836,103.4
134295,9.30,20.478,109.975,103.5
134296,9.32,20.806,111.973,103.7
134297,9.34,21.264,114.079,103.5
134298,9.36,21.840,116.590,102.9
134299,9.38,22.309,123.192,104.3
134300,9.40,22.656,123.347,104.5
134301,9.42,23.034,128.992,103.9
134302,9.44,23.404,131.252,104.4
134303,9.46,23.765,134.692,104.4
134304,9.48,24.005,139.812,106.0
134305,9.50,24.058,146.509,104.6
134306,9.52,24.307,148.272,104.7
134307,9.54,24.468,147.779,105.1
134308,9.56,24.477,149.034,106.6
134309,9.58,24.680,154.274,106.3
134310,9.60,25.070,159.538,103.9
134311,9.62,25.371,161.367,102.9
134312,9.64,25.434,161.420,103.2
134313,9.66,25.408,159.687,104.4
134314,9.68,25.178,156.161,103.5
134315,9.70,24.553,150.637,105.5
134316,9.72,23.542,142.213,105.3
134317,9.74,22.557,128.760,105.1
134318,9.76,21.827,120.099,106.0
134319,9.78,21.237,114.244,108.4
134320,9.80,20.776,112.803,99.3
134321,9.82,20.410,111.323,83.4
134322,9.84,20.031,109.676,70.6
134323,9.86,19.703,106.833,78.0
134324,9.88,19.503,108.243,88.8
134325,9.90,19.338,108.073,95.1
134326,9.92,19.241,108.074,99.1
134327,9.94,19.184,106.829,101.0
134328,9.96,19.241,103.188,101.3
134329,9.98,19.431,97.410,100.4
134330,10.00,19.798,96.831,103.1
134331,10.02,20.233,107.395,105.9
134332,10.04,20.664,115.700,106.6
134333,10.06,21.234,121.380,100.6
134334,10.08,21.945,131.551,86.9
134335,10.10,22.594,139.833,99.3
134336,10.12,23.109,140.928,81.8
134337,10.14,23.054,143.038,0.9
134338,10.16,22.938,141.884,-4.8
134339,10.18,23.342,136.316,62.2
134340,10.20,24.239,137.121,107.0
134341,10.22,24.966,138.033,111.7
134342,10.24,25.275,137.340,75.5
134343,10.26,25.180,134.482,1.9
134344,10.28,24.885,129.422,-29.3
134345,10.30,24.550,129.382,46.6
134346,10.32,24.576,133.173,92.2
134347,10.34,24.792,133.523,100.6
134348,10.36,25.110,130.750,108.7
134349,10.38,25.485,130.847,112.6
134350,10.40,25.802,131.634,115.1
134351,10.42,26.064,131.960,113.7
134352,10.44,26.212,133.565,113.7
134353,10.46,26.321,136.129,115.6
134354,10.48,26.434,137.696,116.5
134355,10.50,26.550,141.069,114.0
134356,10.52,26.640,144.276,115.8
134357,10.54,26.599,146.719,116.4
134358,10.56,26.508,147.231,115.9
134359,10.58,26.374,148.192,116.8
134360,10.60,26.331,152.203,116.7
134361,10.62,26.390,157.109,115.4
134362,10.64,26.445,161.177,117.0
134363,10.66,26.427,164.381,115.8
134364,10.68,26.259,166.543,115.8
134365,10.70,25.683,167.268,115.0
134366,10.72,25.340,165.935,115.9
134367,10.74,25.172,165.225,117.2
134368,10.76,25.011,163.515,116.4
134369,10.78,24.720,160.648,116.2
134370,10.80,24.339,156.771,116.8
134371,10.82,23.998,154.388,115.8
134372,10.84,23.765,153.602,117.3
134373,10.86,23.732,153.509,115.9
134374,10.88,23.805,154.504,116.3
134375,10.90,23.907,155.391,118.3
134376,10.92,23.972,155.449,118.1
134377,10.94,23.972,153.493,118.6
134378,10.96,23.914,150.996,119.6
134379,10.98,23.865,149.514,118.9
134380,11.00,23.862,148.114,120.2
134381,11.02,23.898,147.045,119.3
134382,11.04,23.980,146.307,121.4
134383,11.06,24.045,146.325,120.4
134384,11.08,24.060,147.661,120.8
134385,11.10,24.157,149.065,120.2
134386,11.12,24.319,149.638,120.3
134387,11.14,24.500,149.565,120.9
134388,11.16,24.613,149.184,121.0
134389,11.18,24.794,149.944,119.8
134390,11.20,25.109,149.978,120.7
134391,11.22,25.585,151.329,122.6
134392,11.24,26.096,154.397,121.3
134393,11.26,26.642,158.813,121.4
134394,11.28,27.256,164.517,119.9
134395,11.30,27.861,169.896,118.2
134396,11.32,28.320,175.273,119.7
134397,11.34,28.572,180.388,120.4
134398,11.36,28.687,184.284,121.0
134399,11.38,28.751,185.270,120.9
134400,11.40,28.821,184.911,125.4
134401,11.42,28.814,184.333,124.6
134402,11.44,28.861,183.346,124.9
134403,11.46,28.944,182.781,125.6
134404,11.48,29.047,182.544,126.2
134405,11.50,29.131,183.609,125.8
134406,11.52,29.213,183.699,126.7
134407,11.54,29.312,184.709,125.3
134408,11.56,29.452,184.823,125.7
134409,11.58,29.567,185.048,125.7
134410,11.60,29.654,184.827,127.3
134411,11.62,29.798,184.344,127.6
134412,11.64,30.018,183.665,127.1
134413,11.66,30.244,183.617,128.1
134414,11.68,30.542,184.048,126.7
134415,11.70,30.793,185.526,127.4
134416,11.72,31.152,186.864,127.1
134417,11.74,31.498,187.895,127.7
134418,11.76,31.841,188.652,128.4
134419,11.78,32.123,190.099,129.5
134420,11.80,32.472,192.284,128.0
134421,11.82,32.826,195.382,129.1
134422,11.84,33.216,198.968,128.5
134423,11.86,33.550,200.749,127.6
134424,11.88,33.763,199.282,127.6
134425,11.90,33.849,199.187,129.1
134426,11.92,33.812,204.637,129.5
134427,11.94,33.850,238.018,128.5
134428,11.96,33.784,237.560,129.5
134429,11.98,33.903,242.158,133.3
134430,12.00,34.415,240.889,132.7
134431,12.02,35.154,229.719,153.3
134432,12.04,34.642,222.754,122.5
134433,12.06,35.260,215.356,134.2
134434,12.08,36.008,213.807,125.4
134435,12.10,36.890,214.674,126.7
134436,12.12,38.003,214.580,132.7
134437,12.14,39.058,216.813,133.1
134438,12.16,39.934,219.913,129.5
134439,12.18,41.186,225.877,126.5
134440,12.20,42.818,231.100,126.5
134441,12.22,44.353,234.078,123.7
134442,12.24,45.858,237.057,128.1
134443,12.26,46.993,240.036,132.5
134444,12.28,47.924,243.015,135.0
134445,12.30,48.557,245.993,131.9
134446,12.32,49.515,246.091,132.6
134447,12.34,50.556,252.129,133.4
134448,12.36,51.596,262.062,134.2
134449,12.38,52.637,263.783,134.9
134450,12.40,53.678,251.591,135.7
134451,12.42,54.719,243.969,132.9
134452,12.44,56.871,232.990,127.3
134453,12.46,57.039,233.497,127.6
134454,12.48,56.553,232.738,132.3
134455,12.50,56.301,220.781,113.7
134456,12.52,55.924,218.363,109.9
134457,12.54,55.342,232.368,128.2
134458,12.56,53.711,236.455,134.7
134459,12.58,51.217,235.597,111.0
134460,12.60,48.459,229.633,120.8
134461,12.62,45.815,232.548,108.0
134462,12.64,42.871,236.177,120.4
134463,12.66,39.846,237.284,129.8
134464,12.68,37.572,226.712,138.6
134465,12.70,35.517,219.567,142.3
134466,12.72,33.641,218.437,148.8
134467,12.74,31.924,214.496,147.8
134468,12.76,30.670,206.806,138.3
134469,12.78,29.482,200.752,135.0
134470,12.80,28.462,197.221,137.4
134471,12.82,27.501,193.983,139.0
134472,12.84,26.577,192.051,142.5
134473,12.86,25.837,190.241,140.4
134474,12.88,25.135,187.776,142.4
134475,12.90,24.520,184.972,144.0
134476,12.92,24.074,181.526,143.9
134477,12.94,23.753,177.782,145.8
134478,12.96,23.511,174.581,146.5
134479,12.98,23.348,172.721,146.6
134480,13.00,23.265,171.749,146.1
134481,13.02,23.252,171.680,146.1
134482,13.04,23.249,172.411,144.9
134483,13.06,23.199,174.197,146.6
134484,13.08,23.051,176.254,149.3
134485,13.10,22.696,176.973,147.4
134486,13.12,22.074,176.060,147.7
134487,13.14,21.294,174.104,148.1
134488,13.16,20.602,171.831,147.7
134489,13.18,20.009,169.983,148.5
134490,13.20,19.494,167.838,149.0
134491,13.22,19.021,165.691,149.2
134492,13.24,18.507,163.239,149.6
134493,13.26,17.962,161.886,149.9
134494,13.28,17.382,162.722,149.7
134495,13.30,16.779,165.992,151.2
134496,13.32,16.341,168.287,151.6
134497,13.34,16.301,166.444,152.7
134498,13.36,16.786,167.866,155.2
134499,13.38,17.840,170.910,157.3
134500,13.40,19.165,171.559,156.3
134501,13.42,20.233,171.049,130.4
134502,13.44,20.708,168.201,97.0
134503,13.46,21.097,162.849,105.7
134504,13.48,21.676,159.183,108.9
134505,13.50,22.186,155.889,131.3
134506,13.52,22.561,152.141,135.4
134507,13.54,22.775,151.747,139.7
134508,13.56,22.839,151.846,147.1
134509,13.58,22.787,151.879,146.6
134510,13.60,22.649,152.346,148.1
134511,13.62,22.541,153.562,150.7
134512,13.64,22.598,155.516,152.5
134513,13.66,22.830,156.903,152.9
134514,13.68,23.049,159.094,153.7
134515,13.70,23.122,161.479,154.9
134516,13.72,23.184,162.834,155.6
134517,13.74,23.289,164.532,156.3
134518,13.76,23.418,165.472,157.2
134519,13.78,23.539,166.191,157.1
134520,13.80,23.746,169.839,156.5
134521,13.82,23.922,172.262,157.6
134522,13.84,24.070,174.409,157.5
134523,13.86,24.224,174.907,156.9
134524,13.88,24.395,176.619,157.4
134525,13.90,24.588,177.732,158.9
134526,13.92,24.783,179.602,158.6
134527,13.94,24.973,179.933,158.1
134528,13.96,25.144,181.091,157.8
134529,13.98,25.255,183.514,159.4
134530,14.00,25.502,187.020,157.3
134531,14.02,25.901,192.544,158.1
134532,14.04,26.284,197.540,159.2
134533,14.06,26.390,199.995,158.5
134534,14.08,26.065,199.358,158.2
134535,14.10,25.351,195.642,157.6
134536,14.12,24.590,188.194,158.0
134537,14.14,24.142,184.202,157.6
134538,14.16,24.052,184.038,158.1
134539,14.18,24.353,186.556,159.8
134540,14.20,25.006,188.023,158.9
134541,14.22,25.697,188.555,157.2
134542,14.24,25.926,186.926,158.1
134543,14.26,25.779,184.905,157.2
134544,14.28,25.700,180.600,152.4
134545,14.30,25.707,175.429,151.3
134546,14.32,26.071,172.512,156.5
134547,14.34,26.601,172.813,154.6
134548,14.36,26.536,175.621,157.6
134549,14.38,26.346,179.302,159.5
134550,14.40,26.294,182.956,158.3
134551,14.42,26.355,187.132,157.5
134552,14.44,26.521,190.805,160.7
134553,14.46,26.720,192.447,164.2
134554,14.48,26.894,192.803,162.0
134555,14.50,27.090,191.460,161.6
134556,14.52,27.436,190.005,162.1
134557,14.54,27.879,189.892,161.8
134558,14.56,28.389,191.725,162.9
134559,14.58,28.868,194.659,163.2
134560,14.60,29.269,198.050,162.8
134561,14.62,29.598,202.104,163.2
134562,14.64,29.828,203.487,163.0
134563,14.66,29.982,206.364,162.9
134564,14.68,30.129,208.894,163.9
134565,14.70,30.285,207.844,165.5
134566,14.72,30.459,204.933,164.0
134567,14.74,30.710,203.164,166.0
134568,14.76,31.100,202.702,166.5
134569,14.78,31.673,205.666,163.5
134570,14.80,32.492,207.439,164.6
134571,14.82,33.336,205.663,165.3
134572,14.84,34.163,213.333,165.9
134573,14.86,35.030,222.818,166.1
134574,14.88,35.848,230.824,163.5
134575,14.90,36.594,234.689,166.7
134576,14.92,37.399,237.660,163.9
134577,14.94,37.985,239.914,162.6
134578,14.96,38.199,243.032,163.6
134579,14.98,38.223,249.098,163.7
134580,15.00,38.164,250.634,159.7
134581,15.02,38.068,248.871,162.4
134582,15.04,38.341,244.638,152.1
134583,15.06,38.590,240.509,167.9
134584,15.08,38.494,241.383,174.6
134585,15.10,38.512,239.733,159.0
134586,15.12,38.579,236.050,158.7
134587,15.14,38.692,234.081,155.3
134588,15.16,38.949,237.520,160.6
134589,15.18,38.957,238.407,171.5
134590,15.20,38.883,241.580,164.4
134591,15.22,38.814,240.248,165.9
134592,15.24,38.868,240.067,134.1
134593,15.26,38.522,241.330,165.8
134594,15.28,38.070,244.324,168.6
134595,15.30,37.734,245.792,164.1
134596,15.32,37.608,241.234,164.3
134597,15.34,37.519,237.977,166.8
134598,15.36,37.560,237.463,173.7
134599,15.38,37.806,240.728,165.3
134600,15.40,38.083,241.066,170.4
134601,15.42,38.484,240.685,171.7
134602,15.44,38.964,240.262,161.9
134603,15.46,39.605,239.539,164.5
134604,15.48,40.391,240.023,173.7
134605,15.50,41.271,247.293,165.8
134606,15.52,41.936,257.713,168.9
134607,15.54,42.404,267.757,167.4
134608,15.56,42.407,272.935,164.8
134609,15.58,42.089,270.620,169.6
134610,15.60,41.482,258.939,186.5
134611,15.62,40.705,263.516,163.8
134612,15.64,40.486,271.179,169.0
134613,15.66,40.707,277.026,179.4
134614,15.68,41.158,283.674,176.8
134615,15.70,41.453,295.256,180.3
134616,15.72,41.368,322.733,183.2
134617,15.74,41.844,303.687,168.8
134618,15.76,43.036,300.529,135.0
134619,15.78,43.976,309.412,129.2
134620,15.80,44.705,291.820,142.7
134621,15.82,44.665,281.020,5.5
134622,15.84,44.420,254.297,28.7
134623,15.86,44.162,239.502,49.3
134624,15.88,43.440,249.639,120.1
134625,15.90,43.431,258.772,143.8
134626,15.92,43.431,258.452,171.7
134627,15.94,43.134,258.829,177.7
134628,15.96,42.699,250.985,174.1
134629,15.98,42.342,249.148,178.2
134630,16.00,42.490,246.856,169.0
134631,16.02,42.724,241.810,172.3
134632,16.04,42.971,241.081,164.1
134633,16.06,42.927,243.263,186.3
134634,16.08,42.736,245.012,174.0
134635,16.10,42.326,245.629,162.3
134636,16.12,41.942,242.086,168.0
134637,16.14,41.685,237.410,168.9
134638,16.16,41.659,235.574,177.7
134639,16.18,41.436,230.590,186.1
134640,16.20,41.128,227.617,176.1
134641,16.22,40.593,228.731,173.0
134642,16.24,40.181,232.074,165.9
134643,16.26,40.541,227.513,169.7
134644,16.28,41.026,225.577,179.7
134645,16.30,40.773,227.634,185.3
134646,16.32,40.545,235.786,179.4
134647,16.34,40.234,232.972,152.5
134648,16.36,40.000,229.659,155.8
134649,16.38,39.886,224.666,165.2
134650,16.40,39.596,223.835,187.7
134651,16.42,39.216,223.944,173.3
134652,16.44,39.707,223.231,172.6
134653,16.46,40.251,222.237,175.5
134654,16.48,40.820,226.444,178.7
134655,16.50,41.240,236.314,183.2
134656,16.52,41.203,242.866,182.0
134657,16.54,40.254,244.904,183.5
134658,16.56,38.699,245.253,182.0
134659,16.58,37.085,243.470,181.4
134660,16.60,35.542,237.302,178.8
134661,16.62,34.301,232.914,190.8
134662,16.64,33.504,233.155,182.5
134663,16.66,32.826,238.204,175.3
134664,16.68,32.235,244.759,180.7
134665,16.70,31.835,251.327,172.6
134666,16.72,31.496,254.127,151.4
134667,16.74,31.037,255.535,153.5
134668,16.76,30.506,255.746,148.5
134669,16.78,29.984,253.683,151.5
134670,16.80,29.408,250.080,153.9
134671,16.82,28.842,248.980,154.9
134672,16.84,28.284,245.739,160.5
134673,16.86,27.837,243.803,164.5
134674,16.88,27.378,243.645,158.4
134675,16.90,26.872,242.458,167.1
134676,16.92,26.397,239.523,158.9
134677,16.94,26.013,237.241,160.1
134678,16.96,25.544,234.544,167.4
134679,16.98,24.996,231.721,159.4
134680,17.00,24.395,227.135,159.2
134681,17.02,23.797,221.642,159.7
134682,17.04,23.246,216.450,159.9
134683,17.06,22.787,210.029,170.0
134684,17.08,22.423,204.588,163.0
134685,17.10,22.295,202.626,161.6
134686,17.12,22.215,202.893,168.5
134687,17.14,22.472,203.981,159.3
134688,17.16,22.667,202.408,143.6
134689,17.18,22.780,203.106,143.5
134690,17.20,22.779,205.260,147.8
134691,17.22,22.726,203.123,144.5
134692,17.24,22.908,194.975,158.5
134693,17.26,23.248,191.593,171.3
134694,17.28,23.358,194.091,165.9
134695,17.30,23.652,194.412,131.7
134696,17.32,24.405,193.328,88.0
134697,17.34,25.279,194.043,84.4
134698,17.36,25.838,198.601,107.0
134699,17.38,26.142,204.633,105.1
134700,17.40,26.197,206.646,94.6
134701,17.42,26.245,202.653,117.4
134702,17.44,26.352,200.202,151.5
134703,17.46,26.614,200.614,172.6
134704,17.48,26.905,200.878,181.4
134705,17.50,27.066,199.068,187.3
134706,17.52,27.145,197.776,189.7
134707,17.54,27.114,197.839,185.2
134708,17.56,26.966,197.734,190.0
134709,17.58,26.870,199.342,192.6
134710,17.60,26.937,199.330,195.1
134711,17.62,27.115,199.304,194.1
134712,17.64,27.170,200.492,197.4
134713,17.66,27.232,202.411,194.8
134714,17.68,27.442,203.977,182.0
134715,17.70,27.446,205.861,189.4
134716,17.72,27.397,208.764,192.8
134717,17.74,27.274,211.391,193.2
134718,17.76,27.239,212.710,193.2
134719,17.78,27.299,213.930,193.9
134720,17.80,27.247,212.269,195.4
134721,17.82,27.159,210.513,196.5
134722,17.84,27.074,208.819,194.6
134723,17.86,26.918,206.773,194.9
134724,17.88,26.736,207.140,195.0
134725,17.90,26.670,205.994,195.7
134726,17.92,26.781,205.013,198.7
134727,17.94,26.873,203.722,195.3
134728,17.96,26.912,204.198,198.6
134729,17.98,27.049,205.225,171.9
134730,18.00,26.953,204.675,176.8
134731,18.02,26.840,204.732,188.1
134732,18.04,26.700,205.989,193.9
134733,18.06,26.760,207.117,196.3
134734,18.08,26.949,206.598,197.5
134735,18.10,27.044,206.429,198.8
134736,18.12,27.081,206.405,197.0
134737,18.14,26.994,206.133,193.6
134738,18.16,26.944,202.524,196.4
134739,18.18,26.902,201.862,197.3
134740,18.20,26.898,201.841,200.1
134741,18.22,26.994,202.199,202.1
134742,18.24,27.017,201.498,199.9
134743,18.26,27.155,202.368,199.5
134744,18.28,27.209,202.310,200.0
134745,18.30,27.268,203.160,200.4
134746,18.32,27.345,205.696,199.3
134747,18.34,27.525,207.875,200.9
134748,18.36,27.628,208.902,198.3
134749,18.38,27.751,210.682,200.6
134750,18.40,27.930,211.984,198.7
134751,18.42,28.043,212.437,196.6
134752,18.44,28.101,211.948,201.6
134753,18.46,28.167,212.362,201.8
134754,18.48,28.290,213.089,199.2
134755,18.50,28.405,213.367,201.1
134756,18.52,28.539,213.862,199.7
134757,18.54,28.645,213.966,201.4
134758,18.56,28.833,216.593,200.6
134759,18.58,29.008,219.618,196.3
134760,18.60,29.215,223.843,199.8
134761,18.62,29.395,225.298,181.2
134762,18.64,29.396,224.030,171.4
134763,18.66,29.051,220.273,170.9
134764,18.68,28.284,216.097,189.9
134765,18.70,27.301,209.945,193.5
134766,18.72,26.574,206.329,189.9
134767,18.74,26.181,205.926,198.1
134768,18.76,25.777,205.456,199.7
134769,18.78,25.405,205.242,200.2
134770,18.80,25.054,203.108,199.8
134771,18.82,24.850,200.598,196.3
134772,18.84,24.717,199.324,182.0
134773,18.86,24.657,198.304,179.5
134774,18.88,24.393,196.136,169.2
134775,18.90,24.165,195.292,179.1
134776,18.92,23.936,194.233,193.0
134777,18.94,23.750,193.557,194.8
134778,18.96,23.585,192.073,198.6
134779,18.98,23.537,189.912,198.5
134780,19.00,23.631,189.683,199.8
134781,19.02,23.833,189.709,201.8
134782,19.04,24.081,189.761,202.3
134783,19.06,24.316,189.327,204.5
134784,19.08,24.483,189.314,202.4
134785,19.10,24.631,190.686,203.9
134786,19.12,24.948,192.095,204.1
134787,19.14,25.572,195.182,209.4
134788,19.16,26.334,200.036,203.5
134789,19.18,27.079,205.300,205.5
134790,19.20,27.744,210.408,207.7
134791,19.22,28.303,215.543,204.0
134792,19.24,28.647,220.974,201.9
134793,19.26,28.893,223.775,202.8
134794,19.28,29.126,224.845,200.6
134795,19.30,29.384,226.861,200.7
134796,19.32,29.587,228.751,200.3
134797,19.34,29.750,231.343,198.7
134798,19.36,29.699,232.925,198.6
134799,19.38,29.444,233.492,197.0
134800,19.40,29.156,232.532,196.7
134801,19.42,28.979,230.385,197.0
134802,19.44,28.849,225.538,200.6
134803,19.46,28.676,220.793,199.8
134804,19.48,28.198,217.623,200.7
134805,19.50,27.661,215.218,198.3
134806,19.52,27.446,212.340,198.8
134807,19.54,27.580,210.992,200.8
134808,19.56,27.873,211.427,204.1
134809,19.58,28.179,213.495,204.8
134810,19.60,28.395,214.860,204.4
134811,19.62,28.808,215.668,207.2
134812,19.64,29.302,219.190,208.8
134813,19.66,29.801,223.670,207.5
134814,19.68,30.228,228.234,204.5
134815,19.70,30.661,231.208,202.4
134816,19.72,30.974,234.296,206.8
134817,19.74,31.028,238.438,204.5
134818,19.76,30.783,239.618,204.0
134819,19.78,30.365,237.990,207.4
134820,19.80,30.033,235.675,203.9
134821,19.82,29.813,233.784,204.3
134822,19.84,29.895,233.922,201.1
134823,19.86,30.341,233.379,208.3
134824,19.88,30.733,232.190,210.4
134825,19.90,30.833,235.387,208.1
134826,19.92,30.827,238.055,202.3
134827,19.94,30.929,238.592,203.0
134828,19.96,31.192,237.707,206.0
134829,19.98,31.465,236.816,201.4
134830,20.00,31.769,236.861,202.7
134831,20.02,32.104,238.720,203.5
134832,20.04,32.346,241.980,209.4
134833,20.06,32.526,246.662,207.2
134834,20.08,32.820,251.093,204.9
134835,20.10,33.104,253.644,200.0
134836,20.12,33.250,254.542,204.0
134837,20.14,33.300,255.179,205.0
134838,20.16,33.336,254.626,201.8
134839,20.18,33.459,251.935,200.8
134840,20.20,33.546,249.323,203.0
134841,20.22,33.442,249.686,198.2
134842,20.24,33.301,250.348,201.9
134843,20.26,33.521,252.022,206.0
134844,20.28,34.227,255.596,206.2
134845,20.30,35.136,264.028,205.0
134846,20.32,35.892,273.663,206.1
134847,20.34,36.480,280.161,206.6
134848,20.36,36.611,283.943,198.9
134849,20.38,36.189,284.016,199.1
134850,20.40,35.550,281.498,195.9
134851,20.42,35.110,276.220,191.1
134852,20.44,35.134,269.035,195.0
134853,20.46,35.268,265.792,191.9
134854,20.48,35.527,268.641,201.5
134855,20.50,35.775,272.087,195.6
134856,20.52,36.073,275.350,198.3
134857,20.54,36.544,279.957,198.3
134858,20.56,36.924,279.501,201.2
134859,20.58,37.072,281.900,205.4
134860,20.60,37.381,286.361,197.1
134861,20.62,37.577,288.958,194.0
134862,20.64,37.747,287.617,195.8
134863,20.66,38.263,289.880,202.7
134864,20.68,38.819,295.987,198.4
134865,20.70,39.738,304.122,199.8
134866,20.72,41.533,310.995,184.7
134867,20.74,43.255,318.158,198.4
134868,20.76,43.980,325.940,194.9
134869,20.78,44.171,332.764,181.5
134870,20.80,44.153,335.065,170.1
134871,20.82,44.201,335.083,175.7
134872,20.84,44.156,334.211,165.3
134873,20.86,44.357,334.400,165.5
134874,20.88,44.283,332.609,170.3
134875,20.90,44.234,331.774,176.5
134876,20.92,44.196,331.000,176.2
134877,20.94,44.296,331.742,173.8
134878,20.96,44.557,333.614,177.1
134879,20.98,44.924,338.398,176.8
134880,21.00,45.300,341.494,182.0
134881,21.02,45.406,344.146,181.8
134882,21.04,45.217,348.339,195.2
134883,21.06,44.756,350.919,188.0
134884,21.08,44.118,352.080,185.2
134885,21.10,43.291,347.481,168.5
134886,21.12,42.458,339.641,159.8
134887,21.14,41.399,328.324,152.2
134888,21.16,40.185,318.737,158.7
134889,21.18,39.123,307.895,152.5
134890,21.20,38.438,300.900,160.5
134891,21.22,37.996,296.433,158.1
134892,21.24,37.601,295.601,185.0
134893,21.26,37.361,297.848,170.6
134894,21.28,36.664,297.564,182.2
134895,21.30,35.430,295.849,186.8
134896,21.32,34.263,289.983,178.3
134897,21.34,33.022,280.600,173.8
134898,21.36,32.166,271.771,172.4
134899,21.38,31.745,265.822,165.9
134900,21.40,31.790,262.453,167.6
134901,21.42,32.117,264.952,187.1
134902,21.44,32.853,271.243,188.5
134903,21.46,33.937,279.914,198.2
134904,21.48,34.766,286.008,198.6
134905,21.50,34.740,287.776,195.9
134906,21.52,34.018,289.089,201.9
134907,21.54,33.426,288.823,189.6
134908,21.56,33.269,288.867,179.8
134909,21.58,33.628,290.952,173.3
134910,21.60,33.763,289.675,187.0
134911,21.62,33.343,282.606,181.4
134912,21.64,32.787,277.345,189.3
134913,21.66,32.394,273.376,187.2
134914,21.68,32.737,272.676,190.4
134915,21.70,33.842,271.372,183.7
134916,21.72,35.241,282.067,197.2
134917,21.74,36.526,297.361,186.1
134918,21.76,37.358,308.265,171.9
134919,21.78,37.748,315.499,183.4
134920,21.80,37.793,312.166,184.1
134921,21.82,37.572,307.914,175.8
134922,21.84,37.728,304.815,167.3
134923,21.86,38.295,304.127,168.8
134924,21.88,39.559,305.971,172.9
134925,21.90,41.517,311.461,186.7
134926,21.92,43.081,323.650,202.7
134927,21.94,44.509,336.758,199.6
134928,21.96,45.909,349.478,194.2
134929,21.98,47.664,359.824,195.5
134930,22.00,49.059,374.029,192.8
134931,22.02,49.988,384.929,174.0
134932,22.04,50.553,390.540,159.8
134933,22.06,51.153,394.660,141.5
134934,22.08,51.362,396.960,146.2
134935,22.10,51.657,396.003,134.3
134936,22.12,51.871,396.013,126.8
134937,22.14,52.099,400.894,114.8
134938,22.16,52.224,398.492,104.9
134939,22.18,52.335,398.109,91.6
134940,22.20,52.388,398.433,102.6
134941,22.22,52.488,398.959,106.2
134942,22.24,52.344,398.006,98.8
134943,22.26,52.217,394.025,97.9
134944,22.28,51.969,391.406,91.5
134945,22.30,51.898,390.873,92.2
134946,22.32,51.673,390.184,92.5
134947,22.34,51.631,388.619,90.6
134948,22.36,51.679,389.980,86.3
134949,22.38,51.872,390.187,89.0
134950,22.40,51.658,390.077,91.4
134951,22.42,51.533,392.697,93.3
134952,22.44,51.485,395.560,104.3
134953,22.46,51.393,398.441,98.2
134954,22.48,51.352,404.001,103.5
134955,22.50,51.001,402.632,106.8
134956,22.52,50.778,401.579,107.0
134957,22.54,50.533,398.313,98.4
134958,22.56,50.059,396.379,112.1
134959,22.58,49.665,397.248,95.0
134960,22.60,49.587,396.470,115.9
134961,22.62,49.590,392.586,112.4
134962,22.64,49.594,393.739,115.8
134963,22.66,49.497,397.524,119.2
134964,22.68,49.358,399.893,124.5
134965,22.70,49.239,400.068,120.9
134966,22.72,49.172,398.544,127.3
134967,22.74,49.201,398.344,125.9
134968,22.76,49.274,399.251,135.1
134969,22.78,49.138,398.652,129.4
134970,22.80,48.963,398.881,131.4
134971,22.82,49.026,398.050,129.8
134972,22.84,49.012,398.657,129.3
134973,22.86,49.086,400.013,140.4
134974,22.88,49.152,398.824,137.4
134975,22.90,49.109,398.895,135.1
134976,22.92,48.913,396.433,131.6
134977,22.94,48.777,396.807,135.5
134978,22.96,48.811,397.564,135.7
134979,22.98,48.994,399.409,140.6
134980,23.00,48.969,401.196,135.5
134981,23.02,48.974,399.804,136.0
134982,23.04,48.809,396.712,121.6
134983,23.06,48.518,396.358,136.6
134984,23.08,48.414,396.750,130.8
134985,23.10,48.457,393.167,132.7
134986,23.12,48.502,392.929,142.2
134987,23.14,48.566,394.510,138.9
134988,23.16,48.526,395.503,136.8
134989,23.18,48.616,397.505,137.9
134990,23.20,48.647,397.553,144.4
134991,23.22,48.848,397.192,146.8
134992,23.24,48.793,396.886,146.2
134993,23.26,48.721,396.554,142.9
134994,23.28,48.585,395.395,135.8
134995,23.30,48.325,391.231,133.1
134996,23.32,48.295,391.388,148.9
134997,23.34,48.292,392.725,144.0
134998,23.36,48.399,394.232,149.6
134999,23.38,48.424,397.487,148.5
135000,23.40,48.667,398.256,140.2
135001,23.42,48.682,398.050,155.0
135002,23.44,48.729,398.105,163.0
135003,23.46,48.899,400.852,158.9
135004,23.48,48.901,399.186,151.2
135005,23.50,49.100,397.788,159.7
135006,23.52,49.142,398.620,143.7
135007,23.54,49.168,400.765,155.3
135008,23.56,49.211,402.557,141.6
135009,23.58,49.392,404.062,130.0
135010,23.60,49.762,404.772,155.8
135011,23.62,49.934,407.916,158.6
135012,23.64,49.980,412.541,154.8
135013,23.66,50.029,414.269,157.9
135014,23.68,50.080,414.477,148.6
135015,23.70,50.122,413.507,151.2
135016,23.72,50.325,413.406,147.1
135017,23.74,50.194,412.783,140.5
135018,23.76,50.290,412.737,140.2
135019,23.78,50.561,411.448,130.6
135020,23.80,50.750,411.950,133.3
135021,23.82,50.921,412.066,138.8
135022,23.84,51.333,412.841,122.8
135023,23.86,51.768,414.143,122.2
135024,23.88,52.167,416.456,137.6
135025,23.90,52.646,418.915,133.9
135026,23.92,52.886,420.988,127.8
135027,23.94,53.277,423.150,136.3
135028,23.96,53.671,424.358,133.4
135029,23.98,53.854,427.051,140.7
135030,24.00,54.027,431.556,139.7
135031,24.02,54.276,433.988,139.6
135032,24.04,54.920,433.493,145.8
135033,24.06,55.122,431.892,152.3
135034,24.08,55.341,435.551,145.5
135035,24.10,55.588,436.916,129.3
135036,24.12,56.028,436.036,131.2
135037,24.14,56.664,435.460,113.4
135038,24.16,57.094,436.639,120.6
135039,24.18,57.082,441.946,104.6
135040,24.20,57.251,445.405,102.2
135041,24.22,57.341,446.330,97.3
135042,24.24,57.347,446.659,86.3
135043,24.26,57.428,446.985,89.1
135044,24.28,57.328,449.127,94.0
135045,24.30,57.442,449.217,91.5
135046,24.32,57.366,446.800,68.2
135047,24.34,57.256,441.662,68.7
135048,24.36,56.913,437.351,63.4
135049,24.38,56.319,431.476,67.9
135050,24.40,56.035,427.934,69.7
135051,24.42,55.855,424.748,70.4
135052,24.44,55.736,421.751,72.5
135053,24.46,55.505,421.788,65.6
135054,24.48,55.455,423.620,84.9
135055,24.50,55.651,425.954,76.2
135056,24.52,55.677,429.265,78.7
135057,24.54,55.784,432.298,91.0
135058,24.56,55.746,436.492,109.4
135059,24.58,55.629,437.953,116.2
135060,24.60,55.818,439.574,115.7
135061,24.62,55.743,440.229,116.2
135062,24.64,55.787,438.390,130.3
135063,24.66,55.576,435.010,117.2
135064,24.68,55.464,436.153,106.2
135065,24.70,55.214,434.929,95.9
135066,24.72,55.143,431.480,105.1
135067,24.74,55.030,432.373,115.5
135068,24.76,55.210,436.503,122.3
135069,24.78,55.471,440.262,118.8
135070,24.80,55.541,442.514,102.0
135071,24.82,55.520,442.534,100.9
135072,24.84,55.550,440.649,110.4
135073,24.86,55.264,438.058,117.2
135074,24.88,55.029,435.684,127.4
135075,24.90,54.709,434.848,106.3
135076,24.92,54.642,434.074,112.1
135077,24.94,54.441,433.006,114.9
135078,24.96,54.604,433.536,113.5
135079,24.98,54.644,434.672,107.1
135080,25.00,54.373,434.939,112.0
135081,25.02,54.236,434.463,110.2
135082,25.04,54.100,434.462,118.1
135083,25.06,54.253,437.388,132.6
135084,25.08,54.296,440.391,122.8
135085,25.10,54.478,442.788,130.4
135086,25.12,54.725,442.543,135.6
135087,25.14,54.948,441.294,129.0
135088,25.16,54.592,441.205,127.8
135089,25.18,54.541,440.555,125.9
135090,25.20,54.571,437.511,132.9
135091,25.22,54.580,440.230,128.7
135092,25.24,54.646,443.084,139.5
135093,25.26,54.790,447.783,130.1
135094,25.28,54.607,450.462,125.0
135095,25.30,54.754,453.096,128.0
135096,25.32,54.791,454.494,130.3
135097,25.34,54.608,455.300,136.3
135098,25.36,54.382,459.678,131.0
135099,25.38,54.126,457.184,128.0
135100,25.40,54.058,455.024,121.3
135101,25.42,53.739,452.779,121.6
135102,25.44,53.602,451.241,132.7
135103,25.46,53.231,452.634,131.5
135104,25.48,52.988,451.542,128.2
135105,25.50,52.733,448.977,132.7
135106,25.52,52.551,446.263,138.5
135107,25.54,52.487,442.437,152.8
135108,25.56,52.459,440.134,149.8
135109,25.58,52.542,439.768,142.5
135110,25.60,52.610,444.127,157.2
135111,25.62,52.672,447.037,146.5
135112,25.64,52.717,448.544,155.9
135113,25.66,52.644,449.907,151.3
135114,25.68,52.605,450.948,149.1
135115,25.70,52.325,450.500,147.9
135116,25.72,51.921,446.000,151.8
135117,25.74,51.574,441.303,151.0
135118,25.76,51.341,441.300,146.7
135119,25.78,51.482,438.258,144.7
135120,25.80,51.553,439.402,164.2
135121,25.82,51.800,441.892,173.5
135122,25.84,52.189,447.040,172.0
135123,25.86,52.106,450.534,173.0
135124,25.88,52.009,450.205,180.7
135125,25.90,52.039,447.869,158.3
135126,25.92,51.947,447.280,162.1
135127,25.94,51.963,447.314,166.3
135128,25.96,51.959,449.262,166.4
135129,25.98,52.141,447.814,154.7
135130,26.00,52.020,451.784,167.4
135131,26.02,51.841,455.004,165.5
135132,26.04,51.528,455.745,162.9
135133,26.06,51.365,451.623,178.0
135134,26.08,50.941,451.091,170.7
135135,26.10,50.412,448.286,176.4
135136,26.12,49.986,442.730,160.7
135137,26.14,49.669,437.125,155.1
135138,26.16,49.658,431.730,170.8
135139,26.18,49.265,432.801,158.4
135140,26.20,49.063,432.307,162.0
135141,26.22,48.790,429.940,163.6
135142,26.24,48.624,427.219,164.3
135143,26.26,48.183,425.864,175.1
135144,26.28,47.846,424.118,173.8
135145,26.30,47.436,423.113,169.3
135146,26.32,47.100,419.548,172.0
135147,26.34,46.763,415.431,170.3
135148,26.36,46.342,411.175,174.6
135149,26.38,45.839,406.446,179.2
135150,26.40,45.105,402.126,169.7
135151,26.42,44.459,395.030,172.5
135152,26.44,43.725,384.806,172.5
135153,26.46,42.962,377.483,171.9
135154,26.48,42.237,369.606,176.3
135155,26.50,41.247,361.965,169.8
135156,26.52,40.032,351.569,167.5
135157,26.54,38.562,340.977,159.3
135158,26.56,36.835,329.832,163.8
135159,26.58,35.118,321.248,168.6
135160,26.60,33.528,307.729,171.1
135161,26.62,31.922,290.739,177.5
135162,26.64,30.241,277.200,190.6
135163,26.66,28.776,266.435,193.7
135164,26.68,27.357,266.180,203.7
135165,26.70,25.537,279.183,205.1
135166,26.72,23.109,308.701,219.6
135167,26.74,20.290,336.578,232.6
135168,26.76,17.447,343.852,241.5
135169,26.78,15.034,336.470,264.0
135170,26.80,13.641,310.222,329.0
135171,26.82,13.165,278.258,344.2
135172,26.84,13.722,254.014,341.4
135173,26.86,15.047,239.608,344.9
135174,26.88,16.316,218.367,134.1
135175,26.90,16.691,187.969,72.9
135176,26.92,16.468,185.864,62.1
135177,26.94,15.737,207.602,66.4
135178,26.96,14.807,226.535,86.7
135179,26.98,13.719,239.554,84.5
135180,27.00,13.461,249.986,107.0
135181,27.02,13.962,246.346,96.4
135182,27.04,13.486,226.509,77.5
135183,27.06,12.541,232.807,49.2
135184,27.08,12.150,242.837,75.0
135185,27.10,12.728,243.839,54.3
135186,27.12,12.907,220.778,27.7
135187,27.14,12.249,214.729,37.2
135188,27.16,12.627,222.097,23.4
135189,27.18,12.671,229.216,52.1
135190,27.20,12.642,249.087,55.4
135191,27.22,12.213,243.419,22.9
135192,27.24,11.284,225.263,32.3
135193,27.26,10.702,219.692,59.3
135194,27.28,10.660,216.586,89.4
135195,27.30,11.164,213.290,116.6
135196,27.32,12.321,202.556,70.3
135197,27.34,13.342,187.048,43.4
135198,27.36,13.693,178.150,36.1
135199,27.38,13.438,182.563,37.8
135200,27.40,13.111,201.075,58.1
135201,27.42,12.468,210.373,72.2
135202,27.44,11.855,208.029,74.9
135203,27.46,11.091,207.785,115.2
135204,27.48,10.919,212.534,91.6
135205,27.50,11.305,206.411,83.9
135206,27.52,12.123,198.162,67.0
135207,27.54,12.457,183.675,46.4
135208,27.56,12.390,176.003,49.1
135209,27.58,12.265,176.577,54.0
135210,27.60,12.172,179.921,75.6
135211,27.62,12.298,178.354,86.9
135212,27.64,12.350,175.987,51.4
135213,27.66,12.331,172.506,45.5
135214,27.68,12.338,170.469,45.2
135215,27.70,12.121,168.282,34.1
135216,27.72,11.700,162.064,31.6
135217,27.74,11.483,154.796,40.8
135218,27.76,11.834,151.286,37.9
135219,27.78,12.540,146.914,35.2
135220,27.80,13.482,139.881,32.3
135221,27.82,14.243,135.132,33.3
135222,27.84,15.355,126.413,36.3
135223,27.86,16.753,116.757,28.5
135224,27.88,18.377,136.851,26.6
135225,27.90,19.595,155.607,16.4
135226,27.92,19.641,165.147,11.7
135227,27.94,18.791,172.760,7.6
135228,27.96,17.741,179.426,14.7
135229,27.98,17.016,180.890,23.0
135230,28.00,17.035,181.672,21.1
135231,28.02,17.713,178.291,39.8
135232,28.04,18.487,180.019,49.2
135233,28.06,18.684,197.475,42.4
135234,28.08,18.031,220.894,34.4
135235,28.10,16.901,222.892,36.1
135236,28.12,15.963,221.626,43.9
135237,28.14,15.413,215.616,80.1
135238,28.16,15.342,207.160,168.1
135239,28.18,17.027,200.891,191.7
135240,28.20,19.638,194.946,121.1
135241,28.22,21.646,177.601,101.8
135242,28.24,22.696,172.556,72.3
135243,28.26,23.173,191.230,56.0
135244,28.28,23.188,236.444,42.9
135245,28.30,22.735,295.738,41.9
135246,28.32,21.788,345.134,48.0
135247,28.34,19.265,339.799,58.0
135248,28.36,15.896,317.418,84.3
135249,28.38,12.539,279.300,117.7
135250,28.40,10.679,251.600,217.1
135251,28.42,11.652,227.810,343.8
135252,28.44,14.836,206.477,318.3
135253,28.46,18.139,201.232,238.2
135254,28.48,19.820,186.021,146.4
135255,28.50,20.931,167.128,130.7
135256,28.52,22.599,170.194,138.6
135257,28.54,24.024,177.291,144.5
135258,28.56,24.229,183.078,123.4
135259,28.58,23.981,188.669,130.3
135260,28.60,23.496,199.682,127.2
135261,28.62,22.855,205.895,133.2
135262,28.64,22.294,214.113,138.5
135263,28.66,21.732,211.309,161.6
135264,28.68,21.198,215.339,201.8
135265,28.70,20.264,218.811,214.1
135266,28.72,19.176,213.978,211.1
135267,28.74,17.912,206.247,220.6
135268,28.76,17.339,198.399,235.4
135269,28.78,16.865,190.159,252.1
135270,28.80,16.665,185.760,246.9
135271,28.82,16.676,187.781,218.4
135272,28.84,16.955,194.075,177.3
135273,28.86,17.664,201.056,170.9
135274,28.88,18.265,217.080,198.3
135275,28.90,18.149,224.520,221.7
135276,28.92,17.710,222.646,243.5
135277,28.94,17.893,217.184,258.9
135278,28.96,18.123,214.561,289.8
135279,28.98,17.192,209.214,273.6
135280,29.00,15.735,196.064,216.9
135281,29.02,14.247,179.944,211.1
135282,29.04,13.771,171.983,239.5
135283,29.06,14.295,183.752,281.4
135284,29.08,14.966,213.889,296.7
135285,29.10,15.009,209.106,169.0
135286,29.12,14.355,194.038,166.0
135287,29.14,12.974,189.601,140.3
135288,29.16,11.925,194.994,109.6
135289,29.18,11.951,206.786,160.0
135290,29.20,12.997,204.376,153.6
135291,29.22,13.292,190.284,119.1
135292,29.24,13.288,177.158,125.8
135293,29.26,13.685,172.309,114.5
135294,29.28,14.479,175.379,133.2
135295,29.30,15.152,181.659,120.3
135296,29.32,14.778,189.193,149.1
135297,29.34,13.925,209.165,170.2
135298,29.36,13.244,217.004,185.7
135299,29.38,12.319,195.892,222.7
135300,29.40,12.123,184.706,257.0
135301,29.42,12.110,185.396,260.5
135302,29.44,12.181,196.957,287.6
135303,29.46,12.666,202.025,195.8
135304,29.48,13.391,196.210,145.1
135305,29.50,13.380,192.713,182.7
135306,29.52,12.967,193.783,219.5
135307,29.54,13.328,192.260,265.2
135308,29.56,13.373,193.013,266.9
135309,29.58,13.535,188.396,210.4
135310,29.60,13.541,174.314,182.7
135311,29.62,13.978,157.409,233.6
135312,29.64,14.672,150.221,296.4
135313,29.66,15.284,142.560,56.9
135314,29.68,15.346,140.817,-70.3
135315,29.70,15.380,141.701,-42.4
135316,29.72,15.944,153.778,-25.8
135317,29.74,17.089,155.085,-3.5
135318,29.76,18.675,147.410,-0.9
135319,29.78,20.528,156.610,-53.6
135320,29.80,23.159,171.939,-113.1
135321,29.82,24.945,191.390,-138.5
135322,29.84,27.551,210.336,-148.8
135323,29.86,28.967,228.074,-151.4
135324,29.88,29.505,243.684,-151.9
135325,29.90,29.870,259.003,-152.9
135326,29.92,30.146,275.855,-149.5
135327,29.94,30.141,293.751,-143.8
135328,29.96,30.113,307.874,-138.3
135329,29.98,30.201,315.306,-132.3
135330,30.00,30.522,322.750,-122.5
135331,30.02,30.780,331.332,-112.7
135332,30.04,30.872,335.810,-101.0
135333,30.06,31.096,343.431,-92.4
135334,30.08,31.219,349.001,-81.5
135335,30.10,31.331,348.114,-72.2
135336,30.12,31.241,340.295,-61.3
135337,30.14,30.748,331.138,-46.6
135338,30.16,29.970,324.277,-30.2
135339,30.18,28.734,317.484,-20.3
135340,30.20,28.807,310.170,-7.3
135341,30.22,28.482,297.599,3.4
135342,30.24,28.589,283.827,11.5
135343,30.26,29.082,276.677,20.7
135344,30.28,29.446,272.921,43.3
135345,30.30,29.176,268.490,54.4
135346,30.32,28.094,264.171,54.9
135347,30.34,26.319,271.281,64.8
135348,30.36,24.111,279.140,82.7
135349,30.38,21.785,291.197,93.3
135350,30.40,19.585,284.992,97.4
135351,30.42,17.859,280.340,114.3
135352,30.44,16.865,269.477,157.6
135353,30.46,16.495,257.274,242.0
135354,30.48,16.967,243.675,305.2
135355,30.50,18.072,229.496,276.3
135356,30.52,19.961,218.517,147.2
135357,30.54,21.062,198.672,117.1
135358,30.56,22.475,186.571,80.3
135359,30.58,23.748,188.428,67.3
135360,30.60,25.357,200.781,86.5
135361,30.62,26.670,223.718,86.9
135362,30.64,27.421,245.207,85.1
135363,30.66,27.471,258.356,75.1
135364,30.68,27.682,264.704,91.2
135365,30.70,27.963,268.365,117.5
135366,30.72,28.405,278.616,142.1
135367,30.74,29.110,291.804,159.2
135368,30.76,29.750,298.706,171.0
135369,30.78,30.333,302.208,205.0
135370,30.80,30.368,307.538,192.8
135371,30.82,30.271,313.308,211.1
135372,30.84,29.940,321.287,238.5
135373,30.86,29.643,328.710,242.8
135374,30.88,29.161,330.068,251.6
135375,30.90,28.921,324.923,270.1
135376,30.92,28.824,316.903,274.2
135377,30.94,28.976,311.302,280.6
135378,30.96,29.189,318.818,288.3
135379,30.98,29.510,326.561,265.9
135380,31.00,29.500,326.209,217.2
135381,31.02,29.250,319.501,199.3
135382,31.04,28.660,325.344,223.8
135383,31.06,27.951,341.075,245.8
135384,31.08,27.088,349.317,243.7
135385,31.10,26.344,342.791,222.7
135386,31.12,24.990,356.558,220.2
135387,31.14,22.912,351.810,237.7
135388,31.16,21.494,338.977,252.7
135389,31.18,21.655,309.789,285.8
135390,31.20,22.007,284.033,329.3
135391,31.22,22.570,276.185,382.5
135392,31.24,24.953,267.753,166.9
135393,31.26,26.566,242.838,120.9
135394,31.28,28.130,236.195,100.1
135395,31.30,29.807,255.295,96.9
135396,31.32,31.617,268.331,104.3
135397,31.34,33.443,280.041,106.7
135398,31.36,34.886,285.890,128.5
135399,31.38,36.142,293.156,163.9
135400,31.40,37.126,300.220,193.6
135401,31.42,37.823,304.352,208.0
135402,31.44,38.245,307.521,224.1
135403,31.46,38.381,312.709,232.4
135404,31.48,38.368,316.429,247.1
135405,31.50,38.302,322.918,265.3
135406,31.52,38.240,329.000,274.3
135407,31.54,38.020,334.834,289.6
135408,31.56,37.624,336.650,300.6
135409,31.58,37.559,336.776,305.6
135410,31.60,37.342,337.014,305.3
135411,31.62,37.049,340.579,302.4
135412,31.64,36.733,343.999,312.8
135413,31.66,36.439,347.922,289.1
135414,31.68,36.042,349.265,276.8
135415,31.70,35.515,349.460,289.0
135416,31.72,34.795,349.494,298.5
135417,31.74,33.721,348.812,299.9
135418,31.76,32.167,343.186,298.2
135419,31.78,30.330,334.342,297.1
135420,31.80,28.432,327.903,296.6
135421,31.82,26.453,320.650,292.7
135422,31.84,24.668,311.918,294.9
135423,31.86,23.298,307.423,303.9
135424,31.88,22.360,305.941,340.5
135425,31.90,21.880,314.267,343.3
135426,31.92,21.713,319.350,301.0
135427,31.94,21.776,319.176,284.8
135428,31.96,21.765,320.865,264.4
135429,31.98,21.578,316.770,236.7
135430,32.00,20.584,302.375,181.7
135431,32.02,19.632,285.790,157.2
135432,32.04,19.066,265.267,193.6
135433,32.06,19.002,248.455,236.0
135434,32.08,19.003,236.454,223.5
135435,32.10,18.887,223.513,206.9
135436,32.12,18.970,215.815,226.7
135437,32.14,19.149,216.372,213.4
135438,32.16,19.285,215.164,220.1
135439,32.18,19.601,210.972,243.9
135440,32.20,20.042,214.263,250.2
135441,32.22,20.728,220.065,275.4
135442,32.24,21.550,227.754,290.5
135443,32.26,22.603,238.295,291.6
135444,32.28,23.820,248.656,287.2
135445,32.30,24.863,259.913,299.2
135446,32.32,25.555,273.096,300.4
135447,32.34,25.729,280.869,308.3
135448,32.36,25.498,283.133,309.7
135449,32.38,25.194,286.519,307.0
135450,32.40,24.993,287.269,316.5
135451,32.42,24.840,288.677,308.6
135452,32.44,24.681,291.567,312.3
135453,32.46,24.540,293.765,315.8
135454,32.48,24.443,295.433,328.7
135455,32.50,24.290,298.249,325.7
135456,32.52,24.076,297.943,335.5
135457,32.54,23.929,297.742,327.7
135458,32.56,23.901,298.549,325.9
135459,32.58,24.024,300.439,330.7
135460,32.60,24.294,306.690,325.8
135461,32.62,24.690,310.840,333.7
135462,32.64,24.981,313.971,341.5
135463,32.66,25.170,316.273,344.0
135464,32.68,25.349,319.332,337.4
135465,32.70,25.743,325.898,334.5
135466,32.72,26.622,335.100,337.1
135467,32.74,27.881,346.538,338.9
135468,32.76,29.171,362.105,346.9
135469,32.78,30.095,384.902,345.3
135470,32.80,30.481,399.084,346.2
135471,32.82,30.692,394.097,345.0
135472,32.84,31.143,381.209,334.5
135473,32.86,31.564,374.716,346.2
135474,32.88,32.249,361.783,341.9
135475,32.90,33.093,341.553,258.2
135476,32.92,33.152,318.242,156.4
135477,32.94,32.490,318.425,105.0
135478,32.96,31.619,328.400,76.3
135479,32.98,31.195,349.883,65.7
135480,33.00,31.371,365.340,96.4
135481,33.02,31.352,379.872,138.2
135482,33.04,30.839,389.057,180.6
135483,33.06,30.733,389.138,184.7
135484,33.08,30.179,389.379,211.2
135485,33.10,29.410,387.792,243.5
135486,33.12,28.642,382.027,243.9
135487,33.14,27.635,374.864,245.0
135488,33.16,26.512,369.630,263.4
135489,33.18,25.591,367.448,282.8
135490,33.20,25.162,366.416,281.0
135491,33.22,25.128,368.383,307.9
135492,33.24,25.358,378.043,304.4
135493,33.26,25.713,389.029,296.5
135494,33.28,25.913,386.752,304.4
135495,33.30,25.979,383.615,322.8
135496,33.32,26.251,378.557,305.5
135497,33.34,26.380,367.201,315.4
135498,33.36,26.271,352.395,306.7
135499,33.38,26.110,339.349,228.6
135500,33.40,25.924,317.451,181.5
135501,33.42,26.891,304.588,200.5
135502,33.44,28.550,300.771,227.5
135503,33.46,30.227,296.478,269.8
135504,33.48,31.315,290.229,218.0
135505,33.50,32.102,285.336,135.5
135506,33.52,31.868,278.085,89.7
135507,33.54,30.348,300.526,95.0
135508,33.56,28.475,339.293,108.9
135509,33.58,26.687,359.839,156.6
135510,33.60,25.618,402.846,234.9
135511,33.62,25.320,463.330,336.4
135512,33.64,24.238,456.425,325.6
135513,33.66,22.983,434.278,191.6
135514,33.68,23.024,399.981,232.4
135515,33.70,24.963,382.605,463.4
135516,33.72,29.772,403.684,591.6
135517,33.74,37.420,435.490,389.2
135518,33.76,46.091,446.854,123.7
135519,33.78,52.292,447.188,82.5
135520,33.80,56.692,457.805,71.4
135521,33.82,60.313,492.448,99.1
135522,33.84,63.201,542.257,102.5
135523,33.86,65.556,584.562,128.6
135524,33.88,67.440,630.989,156.2
135525,33.90,69.134,672.491,183.6
135526,33.92,70.551,702.628,223.3
135527,33.94,71.364,725.338,260.1
135528,33.96,71.799,737.560,299.4
135529,33.98,71.584,752.192,321.5
135530,34.00,71.017,757.942,340.5
135531,34.02,70.391,758.341,332.2
135532,34.04,69.141,751.299,322.7
135533,34.06,68.006,747.801,334.6
135534,34.08,66.938,740.006,366.6
135535,34.10,66.300,735.927,390.6
135536,34.12,65.938,735.527,378.6
135537,34.14,65.533,742.291,390.5
135538,34.16,65.267,756.952,358.2
135539,34.18,65.471,766.080,328.3
135540,34.20,65.432,772.939,283.4
135541,34.22,65.075,779.569,304.6
135542,34.24,64.773,783.416,319.2
135543,34.26,64.525,780.743,287.9
135544,34.28,64.021,772.409,289.0
135545,34.30,63.831,763.713,300.0
135546,34.32,63.816,756.973,334.9
135547,34.34,63.503,743.993,362.3
135548,34.36,62.513,746.084,338.0
135549,34.38,61.484,737.436,344.2
135550,34.40,60.741,733.558,348.2
135551,34.42,60.042,731.043,322.6
135552,34.44,59.692,722.443,296.2
135553,34.46,59.124,710.538,298.0
135554,34.48,58.555,702.904,330.5
135555,34.50,57.868,698.478,352.1
135556,34.52,57.119,685.046,327.9
135557,34.54,56.271,665.231,321.1
135558,34.56,55.342,660.468,311.9
135559,34.58,54.349,656.128,327.3
135560,34.60,53.313,650.248,314.6
135561,34.62,52.276,637.290,322.1
135562,34.64,50.853,625.288,330.1
135563,34.66,49.152,616.898,310.8
135564,34.68,48.010,600.404,295.4
135565,34.70,48.079,587.123,289.1
135566,34.72,49.047,576.988,300.8
135567,34.74,49.688,584.967,348.5
135568,34.76,49.466,591.667,326.4
135569,34.78,48.168,582.242,282.4
135570,34.80,46.170,556.440,273.4
135571,34.82,43.705,526.659,294.5
135572,34.84,41.129,500.675,314.0
135573,34.86,39.624,477.106,302.1
135574,34.88,38.938,456.953,290.9
135575,34.90,39.522,449.815,290.9
135576,34.92,41.476,450.879,326.3
135577,34.94,44.355,464.901,361.3
135578,34.96,47.007,494.288,382.5
135579,34.98,48.900,528.444,370.5
135580,35.00,50.460,548.703,312.6
135581,35.02,52.126,559.152,329.3
135582,35.04,53.304,565.557,371.1
135583,35.06,53.993,569.246,393.6
135584,35.08,54.708,566.463,363.8
135585,35.10,55.030,565.284,331.7
135586,35.12,55.155,558.776,361.3
135587,35.14,55.417,561.253,338.6
135588,35.16,55.695,569.328,324.4
135589,35.18,55.557,575.307,362.8
135590,35.20,55.158,585.493,380.6
135591,35.22,54.680,588.670,390.8
135592,35.24,53.830,592.221,399.8
135593,35.26,53.026,598.653,370.9
135594,35.28,52.784,602.075,355.6
135595,35.30,52.532,600.697,343.7
135596,35.32,51.746,598.500,328.1
135597,35.34,50.502,591.481,340.5
135598,35.36,49.538,579.290,362.3
135599,35.38,49.287,574.968,347.2
135600,35.40,49.578,579.145,331.5
135601,35.42,50.234,577.696,343.2
135602,35.44,50.222,585.569,379.3
135603,35.46,49.751,592.896,381.3
135604,35.48,48.566,586.887,346.9
135605,35.50,46.369,572.724,328.4
135606,35.52,45.460,557.815,332.4
135607,35.54,44.324,545.492,344.1
135608,35.56,43.471,536.770,350.8
135609,35.58,42.894,527.452,347.1
135610,35.60,42.332,517.855,321.1
135611,35.62,41.709,510.867,340.6
135612,35.64,41.513,497.662,357.9
135613,35.66,42.011,481.307,361.4
135614,35.68,42.079,474.706,361.2
135615,35.70,41.481,468.993,331.0
135616,35.72,41.095,463.366,315.5
135617,35.74,41.279,450.819,333.7
135618,35.76,42.560,455.571,343.2
135619,35.78,44.462,471.697,373.5
135620,35.80,45.385,488.039,382.9
135621,35.82,45.448,501.674,347.1
135622,35.84,46.300,496.621,325.2
135623,35.86,47.392,485.843,351.2
135624,35.88,47.598,487.283,382.2
135625,35.90,46.536,494.384,361.7
135626,35.92,45.051,490.316,299.3
135627,35.94,44.028,476.748,313.6
135628,35.96,43.471,473.965,316.9
135629,35.98,43.245,483.139,353.3
135630,36.00,43.612,490.261,347.8
135631,36.02,44.261,496.527,362.0
135632,36.04,44.506,500.292,370.8
135633,36.06,44.172,502.800,341.9
135634,36.08,43.522,499.454,332.5
135635,36.10,43.037,491.757,360.5
135636,36.12,42.782,497.582,384.7
135637,36.14,43.547,502.990,373.7
135638,36.16,45.557,503.783,383.9
135639,36.18,48.127,527.259,416.4
135640,36.20,50.210,559.798,370.2
135641,36.22,50.664,584.012,274.7
135642,36.24,50.497,593.380,277.8
135643,36.26,49.703,593.422,340.1
135644,36.28,48.225,587.625,382.2
135645,36.30,46.496,569.501,348.9
135646,36.32,44.784,541.715,331.1
135647,36.34,43.459,527.278,352.9
135648,36.36,42.278,516.165,313.8
135649,36.38,41.633,506.666,299.9
135650,36.40,41.445,501.632,319.6
135651,36.42,41.079,500.312,361.9
135652,36.44,40.618,497.060,404.5
135653,36.46,39.880,487.518,395.2
135654,36.48,38.895,474.425,387.8
135655,36.50,37.994,449.044,319.1
135656,36.52,37.203,432.352,313.9
135657,36.54,36.491,422.164,354.9
135658,36.56,36.196,414.860,341.0
135659,36.58,36.541,404.657,251.0
135660,36.60,37.219,392.077,205.2
135661,36.62,37.394,396.625,231.6
135662,36.64,37.463,400.070,278.6
135663,36.66,37.597,398.767,313.1
135664,36.68,37.858,396.184,329.4
135665,36.70,38.022,391.623,336.3
135666,36.72,37.957,399.759,361.6
135667,36.74,38.370,411.874,340.8
135668,36.76,38.887,419.766,330.2
135669,36.78,39.640,436.936,326.7
135670,36.80,40.002,448.731,315.0
135671,36.82,39.839,459.130,305.2
135672,36.84,39.399,469.098,273.5
135673,36.86,39.128,472.874,270.2
135674,36.88,39.528,471.551,275.9
135675,36.90,40.183,473.610,225.3
135676,36.92,40.535,485.328,238.2
135677,36.94,40.706,505.109,283.7
135678,36.96,40.758,518.852,273.1
135679,36.98,40.636,525.162,270.6
135680,37.00,40.356,530.251,292.8
135681,37.02,39.924,525.918,318.3
135682,37.04,39.375,523.086,325.4
135683,37.06,38.873,517.849,356.9
135684,37.08,38.502,507.420,347.2
135685,37.10,38.578,494.712,346.9
135686,37.12,38.883,488.571,342.1
135687,37.14,39.351,491.101,362.1
135688,37.16,39.953,494.082,313.6
135689,37.18,40.180,502.462,273.8
135690,37.20,40.320,509.528,291.8
135691,37.22,40.321,521.298,310.0
135692,37.24,40.348,534.394,331.7
135693,37.26,40.394,543.257,325.6
135694,37.28,40.104,549.026,325.1
135695,37.30,39.740,552.089,332.3
135696,37.32,38.949,551.636,357.3
135697,37.34,38.078,554.491,345.5
135698,37.36,37.253,548.554,353.5
135699,37.38,36.653,536.802,345.2
135700,37.40,35.922,529.847,330.0
135701,37.42,35.207,515.045,338.3
135702,37.44,34.569,499.931,328.6
135703,37.46,34.025,485.214,283.9
135704,37.48,33.522,471.206,280.6
135705,37.50,33.306,462.746,273.2
135706,37.52,33.200,464.569,272.6
135707,37.54,33.103,464.189,273.0
135708,37.56,32.929,454.912,275.0
135709,37.58,32.613,440.961,268.3
135710,37.60,32.419,430.188,273.3
135711,37.62,32.204,413.048,277.1
135712,37.64,32.616,397.714,270.5
135713,37.66,33.341,395.262,228.9
135714,37.68,34.215,406.465,244.6
135715,37.70,35.106,418.986,217.9
135716,37.72,35.514,431.225,175.1
135717,37.74,35.427,453.678,193.1
135718,37.76,35.157,472.222,212.3
135719,37.78,35.148,483.894,235.1
135720,37.80,35.200,488.132,263.7
135721,37.82,35.267,483.991,289.7
135722,37.84,35.520,483.655,301.4
135723,37.86,36.103,477.268,304.8
135724,37.88,36.824,474.560,322.6
135725,37.90,37.460,478.460,313.8
135726,37.92,37.840,491.414,321.7
135727,37.94,38.106,498.710,322.9
135728,37.96,38.085,502.023,278.4
135729,37.98,38.555,512.196,298.3
135730,38.00,38.854,525.578,321.1
135731,38.02,39.062,532.969,328.6
135732,38.04,39.297,537.086,309.0
135733,38.06,39.362,537.235,288.4
135734,38.08,39.268,542.437,311.3
135735,38.10,38.939,553.173,338.8
135736,38.12,38.595,562.815,350.1
135737,38.14,38.413,570.966,346.7
135738,38.16,38.193,574.219,336.0
135739,38.18,37.995,576.920,345.5
135740,38.20,37.887,577.100,360.5
135741,38.22,37.844,576.925,375.5
135742,38.24,37.841,571.747,382.2
135743,38.26,38.051,567.636,339.9
135744,38.28,37.965,557.877,330.5
135745,38.30,37.885,546.107,317.6
135746,38.32,37.893,530.541,301.6
135747,38.34,37.849,524.591,302.3
135748,38.36,37.743,524.856,285.9
135749,38.38,37.351,518.265,239.3
135750,38.40,36.684,512.260,250.0
135751,38.42,35.943,498.497,239.4
135752,38.44,35.462,480.563,229.1
135753,38.46,35.165,476.068,244.6
135754,38.48,35.347,473.175,264.9
135755,38.50,35.886,469.251,246.8
135756,38.52,36.199,465.076,198.0
135757,38.54,36.151,474.883,197.6
135758,38.56,35.811,490.907,221.2
135759,38.58,35.648,500.237,236.6
135760,38.60,35.531,501.476,256.3
135761,38.62,35.496,485.573,240.5
135762,38.64,35.337,473.715,251.9
135763,38.66,35.254,472.669,254.9
135764,38.68,35.499,472.884,266.2
135765,38.70,35.703,474.023,267.2
135766,38.72,36.075,480.131,264.1
135767,38.74,36.049,485.602,276.3
135768,38.76,35.900,494.371,295.6
135769,38.78,35.667,498.966,320.9
135770,38.80,35.721,488.646,324.5
135771,38.82,36.148,481.105,328.2
135772,38.84,36.579,480.422,332.3
135773,38.86,37.286,488.461,339.7
135774,38.88,37.573,500.131,301.3
135775,38.90,37.905,511.034,283.5
135776,38.92,37.799,513.331,299.2
135777,38.94,37.436,519.253,332.0
135778,38.96,37.083,517.629,330.9
135779,38.98,36.671,512.870,330.5
135780,39.00,36.457,506.070,343.3
135781,39.02,36.036,498.858,357.5
135782,39.04,35.872,493.984,351.7
135783,39.06,35.396,487.594,352.0
135784,39.08,35.626,481.700,369.9
135785,39.10,35.891,481.960,362.5
135786,39.12,36.040,485.455,332.3
135787,39.14,35.964,485.267,337.8
135788,39.16,35.843,486.792,331.1
135789,39.18,35.717,489.063,332.0
135790,39.20,35.389,492.514,335.8
135791,39.22,34.763,490.211,323.9
135792,39.24,34.134,476.563,337.1
135793,39.26,33.427,459.610,333.4
135794,39.28,32.337,460.187,343.2
135795,39.30,30.869,438.008,330.8
135796,39.32,29.466,409.736,309.1
135797,39.34,28.079,394.863,307.3
135798,39.36,26.775,360.297,342.1
135799,39.38,28.244,319.431,343.6
135800,39.40,30.013,311.782,297.5
135801,39.42,31.594,307.662,121.9
135802,39.44,32.461,324.404,-6.8
135803,39.46,33.009,361.878,-21.8
135804,39.48,32.846,398.236,-26.3
135805,39.50,32.722,418.991,-4.4
135806,39.52,32.647,421.071,16.5
135807,39.54,32.591,427.700,42.5
135808,39.56,32.542,432.352,68.9
135809,39.58,32.145,433.436,102.8
135810,39.60,31.778,432.675,116.5
135811,39.62,31.556,433.010,148.2
135812,39.64,30.945,441.452,192.4
135813,39.66,30.389,430.065,199.9
135814,39.68,29.864,415.234,221.5
135815,39.70,29.549,404.723,242.1
135816,39.72,29.411,389.088,258.8
135817,39.74,29.368,376.038,235.3
135818,39.76,29.604,375.406,209.3
135819,39.78,29.618,382.778,219.2
135820,39.80,29.888,405.104,229.9
135821,39.82,30.064,417.044,233.4
135822,39.84,30.129,430.293,229.8
135823,39.86,30.013,440.374,241.7
135824,39.88,29.577,440.300,268.6
135825,39.90,29.136,438.916,279.6
135826,39.92,28.785,429.839,284.8
135827,39.94,28.254,407.841,292.3
135828,39.96,27.762,383.217,291.7
135829,39.98,27.261,357.360,278.1
135830,40.00,26.612,334.584,281.8
135831,40.02,26.289,314.880,277.3
135832,40.04,26.025,297.114,225.9
135833,40.06,25.807,275.183,168.9
135834,40.08,25.505,275.401,156.7
135835,40.10,25.352,272.478,130.5
135836,40.12,25.445,266.357,123.8
135837,40.14,25.615,270.748,123.7
135838,40.16,25.622,276.892,108.0
135839,40.18,25.683,284.750,102.9
135840,40.20,25.561,305.090,87.7
135841,40.22,25.534,325.965,100.9
135842,40.24,25.545,336.991,112.1
135843,40.26,25.950,333.799,120.9
135844,40.28,26.297,310.988,139.6
135845,40.30,26.590,284.542,156.8
135846,40.32,26.620,266.702,150.2
135847,40.34,26.210,264.231,116.6
135848,40.36,25.648,277.619,92.6
135849,40.38,24.779,281.078,91.4
135850,40.40,23.545,270.455,88.6
135851,40.42,22.917,257.579,90.2
135852,40.44,21.723,232.297,102.6
135853,40.46,20.668,191.797,95.2
135854,40.48,19.422,182.015,62.3
135855,40.50,18.175,200.880,36.2
135856,40.52,17.839,170.834,13.5
135857,40.54,17.897,155.935,-25.7
135858,40.56,17.238,183.089,-76.6
135859,40.58,16.834,212.271,-105.3
135860,40.60,16.448,250.470,-111.5
135861,40.62,18.158,251.484,-126.3
135862,40.64,19.200,227.433,-139.6
135863,40.66,20.733,190.912,-154.2
135864,40.68,22.695,169.118,-170.9
135865,40.70,23.090,167.721,-182.4
135866,40.72,23.752,180.631,-193.0
135867,40.74,24.154,199.492,-193.5
135868,40.76,25.008,220.579,-192.6
135869,40.78,25.907,239.032,-192.0
135870,40.80,26.941,262.626,-191.1
135871,40.82,27.588,288.577,-189.0
135872,40.84,27.733,307.633,-185.4
135873,40.86,27.309,319.581,-181.1
135874,40.88,26.926,322.726,-174.7
135875,40.90,26.595,309.960,-167.4
135876,40.92,26.545,312.920,-159.8
135877,40.94,26.804,306.142,-152.2
135878,40.96,26.936,303.622,-144.3
135879,40.98,26.993,300.686,-137.8
135880,41.00,27.116,301.746,-129.8
135881,41.02,27.129,318.253,-119.3
135882,41.04,27.961,334.414,-110.6
135883,41.06,28.711,327.486,-100.9
135884,41.08,29.667,312.340,-89.8
135885,41.10,30.428,314.827,-77.5
135886,41.12,30.918,326.810,-60.5
135887,41.14,30.986,333.786,-53.8
135888,41.16,29.824,343.103,-50.2
135889,41.18,28.397,337.391,-38.7
135890,41.20,26.882,341.761,-25.1
135891,41.22,25.811,347.576,-7.5
135892,41.24,24.832,326.820,13.8
135893,41.26,24.037,317.636,37.9
135894,41.28,23.483,313.518,62.7
135895,41.30,22.800,275.485,78.0
135896,41.32,21.758,250.590,86.7
135897,41.34,21.180,240.240,87.7
135898,41.36,20.363,230.797,96.3
135899,41.38,20.059,230.614,110.0
135900,41.40,21.179,208.473,98.6
135901,41.42,21.257,201.125,62.3
135902,41.44,21.321,195.823,36.1
135903,41.46,22.045,179.320,7.1
135904,41.48,22.307,156.624,-16.7
135905,41.50,22.530,143.725,-40.4
135906,41.52,22.766,143.459,-58.7
135907,41.54,22.423,158.017,-83.7
135908,41.56,21.514,179.583,-106.2
135909,41.58,20.925,175.656,-115.3
135910,41.60,20.866,157.838,-116.0
135911,41.62,20.776,172.068,-119.7
135912,41.64,20.545,179.966,-124.2
135913,41.66,20.368,157.978,-132.2
135914,41.68,20.302,158.772,-139.9
135915,41.70,20.048,157.554,-146.0
135916,41.72,19.807,146.923,-152.4
135917,41.74,19.881,178.060,-164.5
135918,41.76,19.987,216.371,-168.8
135919,41.78,20.184,236.417,-171.1
135920,41.80,20.945,193.326,-175.9
135921,41.82,21.684,150.149,-178.8
135922,41.84,21.907,168.948,-183.1
135923,41.86,22.076,198.775,-190.5
135924,41.88,22.738,200.356,-192.2
135925,41.90,23.529,155.978,-194.3
135926,41.92,24.091,139.881,-196.0
135927,41.94,24.623,142.666,-197.7
135928,41.96,24.846,163.508,-199.4
135929,41.98,24.734,190.828,-201.5
135930,42.00,24.211,208.825,-202.9
135931,42.02,23.384,212.485,-202.5
135932,42.04,22.596,208.232,-202.0
135933,42.06,21.987,206.408,-200.4
135934,42.08,21.946,178.937,-198.4
135935,42.10,21.951,159.668,-195.8
135936,42.12,21.778,162.132,-195.7
135937,42.14,21.358,165.475,-195.1
135938,42.16,20.755,169.866,-194.8
135939,42.18,19.919,187.897,-193.6
135940,42.20,19.113,203.344,-193.9
135941,42.22,19.213,189.769,-192.6
135942,42.24,19.443,145.615,-190.8
135943,42.26,19.489,141.766,-190.0
135944,42.28,19.275,163.719,-190.2
135945,42.30,19.227,170.014,-193.8
135946,42.32,19.834,151.099,-195.6
135947,42.34,19.922,139.175,-198.2
135948,42.36,19.730,116.707,-199.6
135949,42.38,19.197,126.693,-201.9
135950,42.40,18.013,153.594,-204.7
135951,42.42,16.850,178.412,-205.2
135952,42.44,16.571,185.091,-205.5
135953,42.46,16.130,180.106,-206.1
135954,42.48,15.694,184.984,-205.7
135955,42.50,15.795,170.796,-204.9
135956,42.52,16.247,162.668,-204.4
135957,42.54,16.261,167.008,-205.1
135958,42.56,16.858,169.468,-206.6
135959,42.58,17.946,161.067,-207.4
135960,42.60,19.228,157.552,-209.9
135961,42.62,20.752,135.956,-211.4
135962,42.64,22.369,140.938,-213.0
135963,42.66,24.177,126.822,-215.3
135964,42.68,26.036,111.553,-217.1
135965,42.70,27.163,127.101,-219.3
135966,42.72,27.402,147.857,-220.8
135967,42.74,26.816,170.195,-222.2
135968,42.76,25.674,195.608,-221.7
135969,42.78,23.724,216.132,-222.3
135970,42.80,22.017,237.797,-222.1
135971,42.82,21.532,252.402,-220.8
135972,42.84,21.981,239.185,-219.2
135973,42.86,22.852,185.750,-216.0
135974,42.88,23.932,148.197,-213.7
135975,42.90,24.329,147.549,-212.5
135976,42.92,24.397,156.828,-214.0
135977,42.94,24.107,152.629,-214.8
135978,42.96,23.426,154.119,-215.3
135979,42.98,22.807,151.339,-216.2
135980,43.00,22.676,145.325,-216.1
135981,43.02,22.832,150.797,-216.6
135982,43.04,22.432,153.696,-216.9
135983,43.06,21.612,151.630,-215.8
135984,43.08,20.832,157.539,-215.3
135985,43.10,20.212,149.102,-214.4
135986,43.12,19.852,141.128,-215.9
135987,43.14,19.233,148.001,-216.9
135988,43.16,18.954,175.450,-216.2
135989,43.18,18.473,201.491,-215.9
135990,43.20,18.357,190.521,-216.8
135991,43.22,18.410,189.234,-217.3
135992,43.24,18.181,200.182,-218.0
135993,43.26,18.693,209.892,-217.8
135994,43.28,19.624,194.717,-219.6
135995,43.30,20.745,179.269,-221.8
135996,43.32,21.726,160.661,-223.4
135997,43.34,22.835,148.531,-225.2
135998,43.36,23.923,139.867,-226.4
135999,43.38,24.215,134.887,-228.6
136000,43.40,24.233,133.104,-229.2
136001,43.42,24.063,141.080,-228.9
136002,43.44,23.910,156.463,-229.6
136003,43.46,23.833,175.786,-229.9
136004,43.48,23.289,178.744,-229.6
136005,43.50,22.956,180.909,-229.0
136006,43.52,22.049,180.472,-228.4
136007,43.54,20.968,170.159,-227.6
136008,43.56,20.649,153.675,-226.4
136009,43.58,20.763,154.181,-225.6
136010,43.60,20.926,167.377,-224.7
136011,43.62,20.876,180.299,-224.8
136012,43.64,20.882,171.805,-224.5
136013,43.66,20.644,163.769,-224.8
136014,43.68,21.048,145.815,-224.8
136015,43.70,21.525,135.984,-224.5
136016,43.72,21.922,128.648,-225.9
136017,43.74,22.152,153.249,-225.8
136018,43.76,22.026,176.407,-227.0
136019,43.78,21.909,187.580,-227.9
136020,43.80,21.896,156.503,-228.6
136021,43.82,22.163,129.097,-228.6
136022,43.84,22.107,123.576,-228.7
136023,43.86,21.684,137.100,-228.2
136024,43.88,21.176,170.879,-228.2
136025,43.90,20.576,210.521,-228.7
136026,43.92,19.910,231.819,-229.1
136027,43.94,19.958,220.860,-229.0
136028,43.96,20.342,208.720,-228.6
136029,43.98,20.956,172.237,-228.6
136030,44.00,21.504,131.192,-227.5
136031,44.02,21.740,126.743,-227.8
136032,44.04,21.551,148.155,-228.4
136033,44.06,20.789,177.228,-228.8
136034,44.08,19.690,206.891,-229.0
136035,44.10,19.133,202.701,-229.6
136036,44.12,18.933,182.813,-229.7
136037,44.14,19.435,145.966,-228.0
136038,44.16,19.758,119.099,-228.6
136039,44.18,19.901,107.724,-228.9
136040,44.20,19.970,114.212,-229.7
136041,44.22,19.601,134.053,-230.4
136042,44.24,19.012,152.899,-230.8
136043,44.26,18.465,164.431,-230.8
136044,44.28,18.034,164.642,-230.8
136045,44.30,17.919,160.671,-229.9
136046,44.32,18.255,163.749,-229.1
136047,44.34,19.593,141.937,-227.5
136048,44.36,20.794,139.221,-228.3
136049,44.38,20.941,142.391,-229.5
136050,44.40,20.896,155.335,-229.5
136051,44.42,20.898,172.871,-229.6
136052,44.44,20.988,153.762,-230.6
136053,44.46,21.462,109.287,-231.2
136054,44.48,21.702,100.165,-231.6
136055,44.50,21.652,119.456,-232.1
136056,44.52,21.271,148.901,-232.3
136057,44.54,20.901,157.112,-232.6
136058,44.56,20.726,144.765,-232.9
136059,44.58,20.713,146.015,-233.3
136060,44.60,20.940,146.682,-232.5
136061,44.62,21.333,160.178,-231.4
136062,44.64,22.061,162.937,-231.7
136063,44.66,22.845,134.340,-232.1
136064,44.68,23.473,128.347,-231.9
136065,44.70,23.679,143.668,-232.5
136066,44.72,23.368,154.866,-232.6
136067,44.74,23.088,174.005,-232.4
136068,44.76,22.702,174.784,-232.8
136069,44.78,22.286,175.442,-233.1
136070,44.80,21.790,183.397,-232.7
136071,44.82,20.974,210.579,-232.1
136072,44.84,20.036,223.908,-231.9
136073,44.86,19.637,199.333,-232.9
136074,44.88,19.233,173.745,-232.8
136075,44.90,18.860,184.081,-233.2
136076,44.92,18.588,216.085,-233.5
136077,44.94,18.702,257.144,-234.5
136078,44.96,18.979,260.648,-235.6
136079,44.98,18.913,202.052,-237.1
136080,45.00,19.216,157.086,-237.9
136081,45.02,19.689,142.989,-239.2
136082,45.04,20.339,135.658,-239.9
136083,45.06,20.484,143.168,-240.1
136084,45.08,20.378,173.388,-240.9
136085,45.10,20.242,198.934,-241.6
136086,45.12,20.485,217.238,-241.8
136087,45.14,20.827,236.870,-241.9
136088,45.16,21.283,236.024,-242.3
136089,45.18,22.530,200.091,-241.8
136090,45.20,24.411,148.940,-242.0
136091,45.22,26.787,141.401,-242.8
136092,45.24,28.719,142.111,-243.7
136093,45.26,29.693,166.793,-243.6
136094,45.28,29.993,193.006,-243.6
136095,45.30,29.646,214.499,-244.1
136096,45.32,29.091,227.163,-243.9
136097,45.34,28.051,234.663,-243.7
136098,45.36,26.762,230.075,-243.1
136099,45.38,25.482,215.549,-241.9
136100,45.40,23.988,211.291,-239.9
136101,45.42,22.208,210.746,-237.3
136102,45.44,19.976,203.945,-235.5
136103,45.46,17.527,198.342,-233.2
136104,45.48,15.155,206.899,-229.4
136105,45.50,12.988,224.147,-224.7
136106,45.52,11.595,236.035,-219.2
136107,45.54,10.954,243.543,-213.6
136108,45.56,10.553,213.890,-205.3
136109,45.58,10.589,143.014,-195.8
136110,45.60,10.982,110.547,-192.0
136111,45.62,11.608,103.060,-196.5
136112,45.64,12.227,106.975,-201.3
136113,45.66,12.997,119.713,-200.7
136114,45.68,13.626,133.383,-201.1
136115,45.70,13.957,143.757,-199.2
136116,45.72,14.431,153.167,-196.1
136117,45.74,14.727,162.498,-192.0
136118,45.76,14.741,171.465,-186.9
136119,45.78,14.587,181.535,-180.6
136120,45.80,14.481,198.026,-172.5
136121,45.82,14.483,221.729,-162.3
136122,45.84,14.697,201.177,-150.4
136123,45.86,15.060,174.225,-135.9
136124,45.88,16.153,160.639,-119.5
136125,45.90,17.418,163.436,-100.1
136126,45.92,18.907,167.218,-97.0
136127,45.94,20.467,182.397,-102.5
136128,45.96,22.099,194.955,-103.8
136129,45.98,23.436,211.809,-98.3
136130,46.00,24.220,235.954,-87.3
136131,46.02,24.361,258.424,-74.1
136132,46.04,24.396,275.126,-56.5
136133,46.06,24.701,287.413,-33.6
136134,46.08,25.348,295.419,-8.7
136135,46.10,26.263,293.501,20.0
136136,46.12,27.646,295.465,55.4
136137,46.14,28.100,294.142,95.7
136138,46.16,27.444,284.368,124.5
136139,46.18,26.127,259.005,136.7
136140,46.20,24.857,248.033,164.6
136141,46.22,24.409,267.437,200.8
136142,46.24,24.325,275.833,248.3
136143,46.26,24.794,251.487,283.4
136144,46.28,25.774,221.687,318.4
136145,46.30,26.250,214.513,291.2
136146,46.32,27.550,223.469,230.6
136147,46.34,28.402,232.497,160.0
136148,46.36,27.934,245.196,73.8
136149,46.38,26.850,262.829,47.6
136150,46.40,26.084,271.989,43.1
136151,46.42,25.821,277.398,45.9
136152,46.44,25.926,280.870,57.6
136153,46.46,26.357,284.326,78.3
136154,46.48,26.809,273.167,86.3
136155,46.50,27.259,266.810,81.6
136156,46.52,27.634,278.903,80.1
136157,46.54,26.407,302.258,83.5
136158,46.56,28.049,322.229,93.7
136159,46.58,28.042,337.029,90.7
136160,46.60,27.843,353.842,101.1
136161,46.62,27.009,367.158,111.3
136162,46.64,25.777,379.842,138.5
136163,46.66,24.051,397.034,169.7
136164,46.68,21.620,424.258,204.0
136165,46.70,18.735,428.601,237.5
136166,46.72,16.122,409.558,269.7
136167,46.74,15.058,395.971,308.2
136168,46.76,14.467,368.454,483.3
136169,46.78,14.496,331.299,607.1
136170,46.80,16.778,266.867,546.8
136171,46.82,19.898,208.818,326.8
136172,46.84,22.001,188.882,196.0
136173,46.86,22.894,184.833,101.7
136174,46.88,22.477,193.368,72.9
136175,46.90,22.030,195.392,65.3
136176,46.92,21.808,198.703,63.9
136177,46.94,22.021,206.972,64.1
136178,46.96,22.398,214.827,68.5
136179,46.98,22.325,231.817,69.7
136180,47.00,21.906,257.725,77.1
136181,47.02,21.378,239.821,73.5
136182,47.04,21.003,216.483,87.9
136183,47.06,20.959,207.302,95.8
136184,47.08,21.419,203.689,114.1
136185,47.10,21.887,207.795,94.3
136186,47.12,22.076,209.567,52.1
136187,47.14,22.177,210.449,38.0
136188,47.16,22.393,211.906,34.6
136189,47.18,22.685,222.435,39.2
136190,47.20,21.898,247.057,25.5
136191,47.22,20.736,249.620,10.2
136192,47.24,19.049,252.185,6.0
136193,47.26,18.621,254.749,21.1
136194,47.28,18.645,257.313,59.3
136195,47.30,19.664,262.516,112.0
136196,47.32,20.321,285.621,106.3
136197,47.34,20.463,318.474,99.8
136198,47.36,20.605,306.621,93.3
136199,47.38,20.747,314.663,86.9
136200,47.40,20.344,319.788,45.1
136201,47.42,19.925,323.942,36.4
136202,47.44,19.303,304.327,40.5
136203,47.46,18.569,275.739,2.3
136204,47.48,17.673,266.824,4.6
136205,47.50,17.348,279.836,33.8
136206,47.52,18.765,266.531,62.3
136207,47.54,20.776,229.902,33.7
136208,47.56,22.049,204.897,18.3
136209,47.58,22.773,205.915,18.1
136210,47.60,22.832,233.946,15.8
136211,47.62,22.071,251.520,10.0
136212,47.64,21.299,253.262,11.8
136213,47.66,21.252,242.492,17.7
136214,47.68,21.579,232.957,24.6
136215,47.70,21.816,214.496,38.0
136216,47.72,21.827,204.355,39.1
136217,47.74,21.805,211.584,1.0
136218,47.76,21.678,220.799,-6.4
136219,47.78,21.400,232.908,-12.8
136220,47.80,20.926,236.551,-16.1
136221,47.82,20.403,250.750,-16.9
136222,47.84,19.693,260.437,-19.6
136223,47.86,18.577,283.737,-44.8
136224,47.88,17.011,304.517,-64.5
136225,47.90,15.481,309.169,-71.5
136226,47.92,15.169,312.960,-79.7
136227,47.94,15.063,288.299,-66.6
136228,47.96,16.223,258.552,-74.9
136229,47.98,18.719,245.483,-66.9
136230,48.00,21.351,264.866,-29.5
136231,48.02,23.556,273.146,-63.6
136232,48.04,23.788,263.825,-73.0
136233,48.06,22.606,278.353,-77.6
136234,48.08,21.545,301.223,-77.2
136235,48.10,21.618,300.060,-71.1
136236,48.12,22.483,295.468,-64.3
136237,48.14,23.881,291.992,-51.4
136238,48.16,26.051,291.970,-38.0
136239,48.18,28.416,296.023,-4.4
136240,48.20,29.658,308.265,-29.4
136241,48.22,30.668,325.137,-33.4
136242,48.24,29.391,359.963,-38.8
136243,48.26,27.780,378.637,-40.6
136244,48.28,26.336,378.320,-35.7
136245,48.30,26.452,380.440,-24.6
136246,48.32,27.630,370.636,2.3
136247,48.34,29.277,356.252,44.0
136248,48.36,30.190,318.018,31.0
136249,48.38,30.264,286.877,11.4
136250,48.40,30.346,270.561,-4.5
136251,48.42,30.702,277.551,-6.8
136252,48.44,30.954,277.990,-1.6
136253,48.46,30.845,279.262,4.2
136254,48.48,30.493,277.876,14.1
136255,48.50,29.231,292.659,14.3
136256,48.52,28.065,313.921,19.2
136257,48.54,27.317,329.811,26.6
136258,48.56,26.452,320.668,41.8
136259,48.58,25.111,301.073,50.2
136260,48.60,23.846,314.526,68.3
136261,48.62,22.909,302.831,80.8
136262,48.64,23.293,295.543,96.8
136263,48.66,24.452,287.026,111.3
136264,48.68,24.849,265.473,151.5
136265,48.70,24.905,238.837,113.5
136266,48.72,24.119,235.333,88.1
136267,48.74,23.005,264.529,78.7
136268,48.76,23.011,269.444,88.1
136269,48.78,23.295,269.679,87.9
136270,48.80,22.983,269.229,128.3
136271,48.82,23.369,258.299,94.0
136272,48.84,24.512,239.558,93.8
136273,48.86,25.251,233.975,111.0
136274,48.88,25.557,235.773,118.3
136275,48.90,25.672,243.291,93.6
136276,48.92,25.137,263.032,80.2
136277,48.94,24.486,292.916,68.2
136278,48.96,23.407,313.771,61.4
136279,48.98,21.914,316.857,68.4
136280,49.00,20.600,323.437,93.4
136281,49.02,19.280,327.741,115.3
136282,49.04,18.068,336.102,171.3
136283,49.06,18.382,357.720,108.6
136284,49.08,17.427,343.975,131.1
136285,49.10,16.388,336.019,138.0
136286,49.12,15.560,302.252,114.3
136287,49.14,15.720,288.592,112.8
136288,49.16,17.652,294.238,130.8
136289,49.18,20.536,285.890,106.9
136290,49.20,20.973,271.790,52.9
136291,49.22,20.051,264.838,45.5
136292,49.24,19.040,247.356,51.4
136293,49.26,18.427,243.895,84.0
136294,49.28,19.614,255.635,115.4
136295,49.30,21.567,254.495,75.1
136296,49.32,22.568,247.347,54.5
136297,49.34,23.201,259.935,43.2
136298,49.36,23.275,264.865,38.4
136299,49.38,22.884,272.490,62.6
136300,49.40,23.954,260.783,36.2
136301,49.42,25.174,234.846,28.1
136302,49.44,25.799,230.392,26.2
136303,49.46,26.421,205.801,20.7
136304,49.48,26.698,194.381,9.7
136305,49.50,27.185,216.199,-2.4
136306,49.52,27.354,226.683,-10.0
136307,49.54,27.125,220.124,-13.8
136308,49.56,26.358,216.572,-8.6
136309,49.58,25.847,224.866,-14.1
136310,49.60,25.611,230.722,-14.6
136311,49.62,25.321,240.544,-18.2
136312,49.64,24.549,257.164,-17.7
136313,49.66,23.742,241.090,-22.2
136314,49.68,23.223,231.079,-18.6
136315,49.70,22.791,232.064,-11.1
136316,49.72,23.033,222.479,6.0
136317,49.74,23.693,220.963,11.7
136318,49.76,24.107,220.775,-6.3
136319,49.78,24.023,231.812,-19.9
136320,49.80,24.229,237.181,-24.0
136321,49.82,24.825,221.411,-35.0
136322,49.84,25.513,203.568,-32.8
136323,49.86,26.032,198.026,-34.2
136324,49.88,26.243,192.627,-43.7
136325,49.90,26.351,183.440,-55.7
136326,49.92,27.079,177.759,-64.7
136327,49.94,27.776,188.765,-74.3
136328,49.96,27.736,194.703,-75.8
136329,49.98,27.680,203.532,-76.6
136330,50.00,28.225,238.431,-74.3
136331,50.02,27.855,284.232,-76.4
136332,50.04,26.756,342.952,-73.3
136333,50.06,24.855,393.618,-67.7
136334,50.08,22.412,395.958,-63.2
136335,50.10,19.816,406.533,-56.9
136336,50.12,17.876,410.316,-42.1
136337,50.14,16.035,398.433,-20.4
136338,50.16,13.936,410.099,20.4
136339,50.18,13.946,426.084,39.6
136340,50.20,14.533,406.936,59.6
136341,50.22,15.099,374.538,75.3
136342,50.24,16.749,358.689,103.1
136343,50.26,20.190,352.876,94.9
136344,50.28,22.907,330.431,83.1
136345,50.30,24.320,315.581,68.3
136346,50.32,25.523,313.562,75.3
136347,50.34,26.157,324.028,102.6
136348,50.36,27.290,326.938,218.6
136349,50.38,29.542,315.959,86.3
136350,50.40,30.418,306.982,66.2
136351,50.42,30.884,324.094,59.7
136352,50.44,31.084,347.073,63.3
136353,50.46,30.864,369.503,70.1
136354,50.48,29.951,367.279,83.5
136355,50.50,28.769,372.030,92.1
136356,50.52,26.978,380.472,98.3
136357,50.54,25.709,375.702,113.4
136358,50.56,26.234,374.135,134.2
136359,50.58,27.782,377.420,161.7
136360,50.60,29.237,370.687,185.3
136361,50.62,30.031,357.612,168.4
136362,50.64,30.399,359.406,176.8
136363,50.66,30.858,357.428,183.0
136364,50.68,31.381,353.218,184.3
136365,50.70,31.675,356.170,186.9
136366,50.72,31.556,370.209,209.7
136367,50.74,31.226,381.509,218.2
136368,50.76,30.997,382.618,234.5
136369,50.78,31.040,378.846,239.4
136370,50.80,31.408,382.901,264.9
136371,50.82,32.713,392.525,282.0
136372,50.84,33.970,411.141,290.7
136373,50.86,35.041,430.623,281.0
136374,50.88,35.887,463.411,305.6
136375,50.90,36.565,504.037,314.3
136376,50.92,37.211,527.420,335.7
136377,50.94,37.700,545.251,366.4
136378,50.96,37.941,562.180,389.2
136379,50.98,37.806,578.330,398.6
136380,51.00,37.495,581.553,408.1
136381,51.02,37.013,570.730,408.6
136382,51.04,36.304,533.071,431.1
136383,51.06,35.459,505.684,442.6
136384,51.08,34.201,490.917,415.8
136385,51.10,32.145,490.405,418.5
136386,51.12,29.123,473.955,378.0
136387,51.14,26.554,493.219,347.8
136388,51.16,23.990,486.600,371.2
136389,51.18,21.635,499.126,413.5
136390,51.20,20.251,517.720,498.6
136391,51.22,19.956,531.704,609.6
136392,51.24,18.970,459.970,312.6
136393,51.26,16.093,390.271,297.3
136394,51.28,14.775,338.538,344.9
136395,51.30,16.273,340.839,468.4
136396,51.32,19.077,387.177,471.2
136397,51.34,21.234,404.110,314.3
136398,51.36,21.727,379.534,296.1
136399,51.38,21.784,347.905,269.0
136400,51.40,21.768,318.739,366.0
136401,51.42,23.559,314.004,488.5
136402,51.44,26.578,305.425,301.1
136403,51.46,28.698,298.120,274.0
136404,51.48,29.320,327.613,256.8
136405,51.50,28.909,361.795,241.8
136406,51.52,28.062,384.476,227.2
136407,51.54,27.249,409.418,229.6
136408,51.56,27.156,428.458,248.9
136409,51.58,26.450,431.585,285.7
136410,51.60,26.915,416.710,320.0
136411,51.62,28.510,403.625,333.6
136412,51.64,29.062,366.804,351.5
136413,51.66,30.772,334.300,313.9
136414,51.68,32.304,313.079,249.8
136415,51.70,32.721,321.756,215.0
136416,51.72,32.811,353.790,199.7
136417,51.74,32.571,385.395,198.5
136418,51.76,31.816,415.377,192.9
136419,51.78,30.318,436.918,199.7
136420,51.80,28.886,444.426,217.4
136421,51.82,27.027,443.447,239.5
136422,51.84,25.018,449.853,245.4
136423,51.86,23.767,434.988,264.3
136424,51.88,23.305,412.423,301.7
136425,51.90,23.439,393.654,391.1
136426,51.92,24.043,366.161,500.4
136427,51.94,26.527,326.340,422.8
136428,51.96,28.602,279.851,321.3
136429,51.98,30.113,271.363,228.6
136430,52.00,30.831,286.387,141.3
136431,52.02,30.807,321.126,118.1
136432,52.04,30.224,353.595,99.6
136433,52.06,29.503,400.203,98.1
136434,52.08,28.442,436.582,107.8
136435,52.10,27.167,480.984,127.2
136436,52.12,25.300,517.432,145.6
136437,52.14,23.097,483.824,163.6
136438,52.16,21.656,446.507,215.8
136439,52.18,22.310,430.936,301.3
136440,52.20,23.185,394.149,539.0
136441,52.22,25.253,342.945,317.7
136442,52.24,26.894,283.904,238.5
136443,52.26,27.458,276.256,207.2
136444,52.28,28.168,293.227,185.3
136445,52.30,28.780,316.809,180.7
136446,52.32,28.839,337.953,180.2
136447,52.34,28.953,362.413,178.0
136448,52.36,29.048,380.454,196.0
136449,52.38,29.257,399.227,215.9
136450,52.40,29.578,408.967,232.9
136451,52.42,29.912,404.996,248.8
136452,52.44,29.946,400.593,277.3
136453,52.46,29.668,400.133,272.7
136454,52.48,29.421,399.331,298.6
136455,52.50,29.572,389.918,310.6
136456,52.52,29.855,375.570,298.2
136457,52.54,29.979,361.248,304.6
136458,52.56,29.914,350.284,314.0
136459,52.58,29.994,329.323,326.2
136460,52.60,29.800,303.826,281.4
136461,52.62,29.053,295.112,246.2
136462,52.64,27.599,301.203,205.3
136463,52.66,26.849,307.472,200.3
136464,52.68,26.984,303.330,205.2
136465,52.70,27.184,302.210,216.0
136466,52.72,27.653,313.753,222.2
136467,52.74,28.343,330.665,229.4
136468,52.76,28.748,358.400,221.0
136469,52.78,28.716,390.597,211.4
136470,52.80,28.140,429.458,215.7
136471,52.82,27.323,445.090,231.1
136472,52.84,26.931,430.163,254.4
136473,52.86,27.204,369.184,279.1
136474,52.88,28.341,334.266,331.4
136475,52.90,29.299,319.728,265.8
136476,52.92,29.437,323.918,130.7
136477,52.94,29.636,343.669,20.0
136478,52.96,29.206,358.248,1.2
136479,52.98,28.697,371.829,2.7
136480,53.00,28.269,379.730,13.8
136481,53.02,27.891,382.788,32.8
136482,53.04,27.842,377.286,54.9
136483,53.06,27.605,369.964,80.4
136484,53.08,27.330,370.487,111.0
136485,53.10,27.174,394.669,142.4
136486,53.12,27.499,,176.3
136487,53.14,28.632,,203.5
136488,53.16,30.301,,240.4
136489,53.18,31.921,,269.6
136490,53.20,33.092,,293.8
136491,53.22,34.117,,
